SET
    SQL_MODE = "NO_AUTO_VALUE_ON_ZERO";

START TRANSACTION;

SET
    time_zone = "+00:00";

/*!40101 SET @OLD_CHARACTER_SET_CLIENT=@@CHARACTER_SET_CLIENT */
;

/*!40101 SET @OLD_CHARACTER_SET_RESULTS=@@CHARACTER_SET_RESULTS */
;

/*!40101 SET @OLD_COLLATION_CONNECTION=@@COLLATION_CONNECTION */
;

/*!40101 SET NAMES utf8mb4 */
;

--
-- Base de datos: `gestortraducciones`
--
CREATE DATABASE IF NOT EXISTS `gestortraducciones` DEFAULT CHARACTER SET utf8mb4 COLLATE utf8mb4_general_ci;

USE `gestortraducciones`;

--
-- Volcado de datos para la tabla `users`
--
INSERT INTO
    `users` (
        `id`,
        `name`,
        `email`,
        `password`,
        `remember_token`,
        `updated_at`,
        `created_at`
    )
VALUES
    (
        1,
        'Fer',
        'fer@example.com',
        '$2b$10$BW9pwcY1.mHWAlpCTVB7f.8lyaH/5Ad1y02JhFmvZo8JLGWq5STEC',
        '',
        '2023-11-22 07:44:45',
        '2023-11-22 07:44:45'
    );

COMMIT;

-- Volcado de datos para la tabla `app_page`
--
INSERT INTO
    `app_page` (
        `id`,
        `app_page_name`,
        `updated_at`,
        `created_at`
    )
VALUES
    (
        1,
        'Homerti',
        '2023-11-22 07:44:45',
        '2023-11-22 07:44:45'
    ),
    (
        2,
        'Vacalia',
        '2023-11-22 07:44:45',
        '2023-11-22 07:44:45'
    ),
    (
        3,
        'Aura de Mallorca',
        '2023-11-22 07:44:45',
        '2023-11-22 07:44:45'
    ),
    (
        4,
        'Intranet Vacalia',
        '2023-11-22 07:44:45',
        '2023-11-22 07:44:45'
    );

--
-- Volcado de datos para la tabla `lang`
--
INSERT INTO
    `lang` (
        `id`,
        `lang_code`,
        `lang_name`,
        `updated_at`,
        `created_at`
    )
VALUES
    (
        1,
        'en',
        'English',
        '2023-11-22 07:44:45',
        '2023-11-22 07:44:45'
    ),
    (
        2,
        'es',
        'Spanish',
        '2023-11-22 07:44:45',
        '2023-11-22 07:44:45'
    ),
    (
        3,
        'ca',
        'Catalan',
        '2023-11-22 07:44:45',
        '2023-11-22 07:44:45'
    ),
    (
        4,
        'de',
        'German',
        '2023-11-22 07:44:45',
        '2023-11-22 07:44:45'
    );

--
-- Volcado de datos para la tabla `section`
--
INSERT INTO
    `section` (
        `id`,
        `app_page_id`,
        `section_name`,
        `section_parent`,
        `updated_at`,
        `created_at`
    )
VALUES
    (
        1,
        1,
        'Title',
        NULL,
        '2023-11-22 07:44:45',
        '2023-11-22 07:44:45'
    ),
    (
        2,
        1,
        'Header',
        NULL,
        '2023-11-22 07:44:45',
        '2023-11-22 07:44:45'
    ),
    (
        3,
        1,
        'Nav',
        2,
        '2023-11-22 07:44:45',
        '2023-11-22 07:44:45'
    ),
    (
        4,
        1,
        'Body',
        NULL,
        '2023-11-22 07:44:45',
        '2023-11-22 07:44:45'
    ),
    (
        5,
        1,
        'Contact',
        NULL,
        '2023-11-22 07:44:45',
        '2023-11-22 07:44:45'
    ),
    (
        6,
        2,
        'Title',
        NULL,
        '2023-11-22 07:44:45',
        '2023-11-22 07:44:45'
    ),
    (
        7,
        2,
        'Header',
        NULL,
        '2023-11-22 07:44:45',
        '2023-11-22 07:44:45'
    ),
    (
        8,
        2,
        'Nav',
        7,
        '2023-11-22 07:44:45',
        '2023-11-22 07:44:45'
    ),
    (
        9,
        2,
        'Body',
        NULL,
        '2023-11-22 07:44:45',
        '2023-11-22 07:44:45'
    ),
    (
        10,
        2,
        'Contact',
        NULL,
        '2023-11-22 07:44:45',
        '2023-11-22 07:44:45'
    ),
    (
        11,
        3,
        'Title',
        NULL,
        '2023-11-22 07:44:45',
        '2023-11-22 07:44:45'
    ),
    (
        12,
        3,
        'Header',
        NULL,
        '2023-11-22 07:44:45',
        '2023-11-22 07:44:45'
    ),
    (
        13,
        3,
        'Nav',
        11,
        '2023-11-22 07:44:45',
        '2023-11-22 07:44:45'
    ),
    (
        14,
        3,
        'Body',
        NULL,
        '2023-11-22 07:44:45',
        '2023-11-22 07:44:45'
    ),
    (
        15,
        3,
        'Contact',
        NULL,
        '2023-11-22 07:44:45',
        '2023-11-22 07:44:45'
    ),
    (
        16,
        4,
        'Title',
        NULL,
        '2023-11-22 07:44:45',
        '2023-11-22 07:44:45'
    ),
    (
        17,
        4,
        'Header',
        NULL,
        '2023-11-22 07:44:45',
        '2023-11-22 07:44:45'
    ),
    (
        18,
        4,
        'Nav',
        16,
        '2023-11-22 07:44:45',
        '2023-11-22 07:44:45'
    ),
    (
        19,
        4,
        'Body',
        NULL,
        '2023-11-22 07:44:45',
        '2023-11-22 07:44:45'
    ),
    (
        20,
        4,
        'Contact',
        NULL,
        '2023-11-22 07:44:45',
        '2023-11-22 07:44:45'
    ),
    (
        21,
        4,
        'weekHouses',
        19,
        '2023-11-22 09:09:56',
        '2023-11-22 09:09:12'
    ),
    (
        22,
        4,
        'statistics',
        NULL,
        '2023-11-22 10:02:54',
        '2023-11-22 10:02:54'
    );

--
-- Volcado de datos para la tabla `literal`
--
INSERT INTO
    `literal` (
        `id`,
        `code`,
        `content`,
        `lang_code`,
        `section_id`,
        `page_id`,
        `updated_at`,
        `created_at`
    )
VALUES
    (
        1,
        'app_name',
        'Homerti',
        'en',
        1,
        1,
        '2023-11-22 07:44:45',
        '2023-11-22 07:44:45'
    ),
    (
        2,
        'header',
        'Learn more about us.',
        'en',
        2,
        1,
        '2023-11-22 07:44:45',
        '2023-11-22 07:44:45'
    ),
    (
        3,
        'nav',
        'Navigate.',
        'en',
        3,
        1,
        '2023-11-22 07:44:45',
        '2023-11-22 07:44:45'
    ),
    (
        4,
        'title',
        'Welcome.',
        'en',
        4,
        1,
        '2023-11-22 07:44:45',
        '2023-11-22 07:44:45'
    ),
    (
        5,
        'contact',
        'Contact us for inquiries.',
        'en',
        5,
        1,
        '2023-11-22 07:44:45',
        '2023-11-22 07:44:45'
    ),
    (
        6,
        'app_name',
        'Vacalia',
        'en',
        6,
        2,
        '2023-11-22 07:44:45',
        '2023-11-22 07:44:45'
    ),
    (
        7,
        'header',
        'Learn more about us.',
        'en',
        7,
        2,
        '2023-11-22 07:44:45',
        '2023-11-22 07:44:45'
    ),
    (
        8,
        'nav',
        'Navigate.',
        'en',
        8,
        2,
        '2023-11-22 07:44:45',
        '2023-11-22 07:44:45'
    ),
    (
        9,
        'title',
        'Welcome.',
        'en',
        9,
        2,
        '2023-11-22 07:44:45',
        '2023-11-22 07:44:45'
    ),
    (
        10,
        'contact',
        'Contact us for inquiries.',
        'en',
        10,
        2,
        '2023-11-22 07:44:45',
        '2023-11-22 07:44:45'
    ),
    (
        11,
        'app_name',
        'Aura de Mallorca',
        'en',
        11,
        3,
        '2023-11-22 07:44:45',
        '2023-11-22 07:44:45'
    ),
    (
        12,
        'header',
        'Learn more about us.',
        'en',
        12,
        3,
        '2023-11-22 07:44:45',
        '2023-11-22 07:44:45'
    ),
    (
        13,
        'nav',
        'Navigate.',
        'en',
        13,
        3,
        '2023-11-22 07:44:45',
        '2023-11-22 07:44:45'
    ),
    (
        14,
        'title',
        'Welcome.',
        'en',
        14,
        3,
        '2023-11-22 07:44:45',
        '2023-11-22 07:44:45'
    ),
    (
        15,
        'contact',
        'Contact us for inquiries.',
        'en',
        15,
        3,
        '2023-11-22 07:44:45',
        '2023-11-22 07:44:45'
    ),
    (
        16,
        'app_name',
        'Intranet Vacalia',
        'en',
        16,
        4,
        '2023-11-22 07:44:45',
        '2023-11-22 07:44:45'
    ),
    (
        17,
        'header',
        'Learn more about us.',
        'en',
        17,
        4,
        '2023-11-22 07:44:45',
        '2023-11-22 07:44:45'
    ),
    (
        18,
        'nav',
        'Navigate.',
        'en',
        18,
        4,
        '2023-11-22 07:44:45',
        '2023-11-22 07:44:45'
    ),
    (
        19,
        'title',
        'Welcome.',
        'en',
        19,
        4,
        '2023-11-22 07:44:45',
        '2023-11-22 07:44:45'
    ),
    (
        20,
        'contact',
        'Contact us for inquiries.',
        'en',
        20,
        4,
        '2023-11-22 07:44:45',
        '2023-11-22 07:44:45'
    ),
    (
        21,
        'app_name',
        'Homerti',
        'es',
        1,
        1,
        '2023-11-22 07:44:45',
        '2023-11-22 07:44:45'
    ),
    (
        22,
        'header',
        'Saber más sobre nosotros.',
        'es',
        2,
        1,
        '2023-11-22 07:44:45',
        '2023-11-22 07:44:45'
    ),
    (
        23,
        'nav',
        'Navega.',
        'es',
        3,
        1,
        '2023-11-22 07:44:45',
        '2023-11-22 07:44:45'
    ),
    (
        24,
        'title',
        'Bienvenido.',
        'es',
        4,
        1,
        '2023-11-22 07:44:45',
        '2023-11-22 07:44:45'
    ),
    (
        25,
        'contact',
        'Contactanos.',
        'es',
        5,
        1,
        '2023-11-22 07:44:45',
        '2023-11-22 07:44:45'
    ),
    (
        26,
        'app_name',
        'Vacalia',
        'es',
        6,
        2,
        '2023-11-22 07:44:45',
        '2023-11-22 07:44:45'
    ),
    (
        27,
        'header',
        'Saber más sobre nosotros.',
        'es',
        7,
        2,
        '2023-11-22 07:44:45',
        '2023-11-22 07:44:45'
    ),
    (
        28,
        'nav',
        'Navega',
        'es',
        8,
        2,
        '2023-11-22 07:44:45',
        '2023-11-22 07:44:45'
    ),
    (
        29,
        'title',
        'Bienvenido.',
        'es',
        9,
        2,
        '2023-11-22 07:44:45',
        '2023-11-22 07:44:45'
    ),
    (
        30,
        'contact',
        'Contactanos.',
        'es',
        10,
        2,
        '2023-11-22 07:44:45',
        '2023-11-22 07:44:45'
    ),
    (
        31,
        'app_name',
        'Aura de Mallorca',
        'es',
        11,
        3,
        '2023-11-22 07:44:45',
        '2023-11-22 07:44:45'
    ),
    (
        32,
        'header',
        'Saber más sobre nosotros.',
        'es',
        12,
        3,
        '2023-11-22 07:44:45',
        '2023-11-22 07:44:45'
    ),
    (
        33,
        'nav',
        'Navega.',
        'es',
        13,
        3,
        '2023-11-22 07:44:45',
        '2023-11-22 07:44:45'
    ),
    (
        34,
        'title',
        'Bienvenido.',
        'es',
        14,
        3,
        '2023-11-22 07:44:45',
        '2023-11-22 07:44:45'
    ),
    (
        35,
        'contact',
        'Contactanos.',
        'es',
        15,
        3,
        '2023-11-22 07:44:45',
        '2023-11-22 07:44:45'
    ),
    (
        36,
        'app_name',
        'Intranet Vacalia',
        'es',
        16,
        4,
        '2023-11-22 07:44:45',
        '2023-11-22 07:44:45'
    ),
    (
        37,
        'header',
        'Saber más sobre nosotros.',
        'es',
        17,
        4,
        '2023-11-22 07:44:45',
        '2023-11-22 07:44:45'
    ),
    (
        38,
        'nav',
        'Navega.',
        'es',
        18,
        4,
        '2023-11-22 07:44:45',
        '2023-11-22 07:44:45'
    ),
    (
        39,
        'title',
        'Bienvenido.',
        'es',
        19,
        4,
        '2023-11-22 07:44:45',
        '2023-11-22 07:44:45'
    ),
    (
        40,
        'contact',
        'Contactanos.',
        'es',
        20,
        4,
        '2023-11-22 07:44:45',
        '2023-11-22 07:44:45'
    ),
    (
        41,
        'app_name',
        'Homerti',
        'ca',
        1,
        1,
        '2023-11-22 07:44:45',
        '2023-11-22 07:44:45'
    ),
    (
        42,
        'header',
        'Sebre més sobre nosaltres.',
        'ca',
        2,
        1,
        '2023-11-22 07:44:45',
        '2023-11-22 07:44:45'
    ),
    (
        43,
        'nav',
        'Naviga.',
        'ca',
        3,
        1,
        '2023-11-22 07:44:45',
        '2023-11-22 07:44:45'
    ),
    (
        44,
        'title',
        'Benvingut.',
        'ca',
        4,
        1,
        '2023-11-22 07:44:45',
        '2023-11-22 07:44:45'
    ),
    (
        45,
        'contact',
        'Contacteu-nos.',
        'ca',
        5,
        1,
        '2023-11-22 07:44:45',
        '2023-11-22 07:44:45'
    ),
    (
        46,
        'app_name',
        'Vacalia',
        'ca',
        6,
        2,
        '2023-11-22 07:44:45',
        '2023-11-22 07:44:45'
    ),
    (
        47,
        'header',
        'Sebre més sobre nosaltres.',
        'ca',
        7,
        2,
        '2023-11-22 07:44:45',
        '2023-11-22 07:44:45'
    ),
    (
        48,
        'nav',
        'Naviga.',
        'ca',
        8,
        2,
        '2023-11-22 07:44:45',
        '2023-11-22 07:44:45'
    ),
    (
        49,
        'title',
        'Benvingut.',
        'ca',
        9,
        2,
        '2023-11-22 07:44:45',
        '2023-11-22 07:44:45'
    ),
    (
        50,
        'contact',
        'Contacteu-nos.',
        'ca',
        10,
        2,
        '2023-11-22 07:44:45',
        '2023-11-22 07:44:45'
    ),
    (
        51,
        'app_name',
        'Aura de Mallorca',
        'ca',
        11,
        3,
        '2023-11-22 07:44:45',
        '2023-11-22 07:44:45'
    ),
    (
        52,
        'header',
        'Sebre més sobre nosaltres.',
        'ca',
        12,
        3,
        '2023-11-22 07:44:45',
        '2023-11-22 07:44:45'
    ),
    (
        53,
        'nav',
        'Naviga.',
        'ca',
        13,
        3,
        '2023-11-22 07:44:45',
        '2023-11-22 07:44:45'
    ),
    (
        54,
        'title',
        'Benvingut.',
        'ca',
        14,
        3,
        '2023-11-22 07:44:45',
        '2023-11-22 07:44:45'
    ),
    (
        55,
        'contact',
        'Contacteu-nos.',
        'ca',
        15,
        3,
        '2023-11-22 07:44:45',
        '2023-11-22 07:44:45'
    ),
    (
        56,
        'app_name',
        'Intranet Vacalia',
        'ca',
        16,
        4,
        '2023-11-22 07:44:45',
        '2023-11-22 07:44:45'
    ),
    (
        57,
        'header',
        'Sebre més sobre nosaltres.',
        'ca',
        17,
        4,
        '2023-11-22 07:44:45',
        '2023-11-22 07:44:45'
    ),
    (
        58,
        'nav',
        'Naviga.',
        'ca',
        18,
        4,
        '2023-11-22 07:44:45',
        '2023-11-22 07:44:45'
    ),
    (
        59,
        'title',
        'Benvingut.',
        'ca',
        19,
        4,
        '2023-11-22 07:44:45',
        '2023-11-22 07:44:45'
    ),
    (
        60,
        'contact',
        'Contacteu-nos.',
        'ca',
        20,
        4,
        '2023-11-22 07:44:45',
        '2023-11-22 07:44:45'
    ),
    (
        61,
        'app_name',
        'Homerti',
        'de',
        1,
        1,
        '2023-11-22 07:44:45',
        '2023-11-22 07:44:45'
    ),
    (
        62,
        'header',
        'Lerne mehr über uns.',
        'de',
        2,
        1,
        '2023-11-22 07:44:45',
        '2023-11-22 07:44:45'
    ),
    (
        63,
        'navig',
        'Navigieren.',
        'de',
        3,
        1,
        '2023-11-22 07:44:45',
        '2023-11-22 07:44:45'
    ),
    (
        64,
        'title',
        'Willkommen.',
        'de',
        4,
        1,
        '2023-11-22 07:44:45',
        '2023-11-22 07:44:45'
    ),
    (
        65,
        'contact',
        'Kontaktiere uns.',
        'de',
        5,
        1,
        '2023-11-22 07:44:45',
        '2023-11-22 07:44:45'
    ),
    (
        66,
        'app_name',
        'Vacalia',
        'de',
        6,
        2,
        '2023-11-22 07:44:45',
        '2023-11-22 07:44:45'
    ),
    (
        67,
        'header',
        'Lerne mehr über uns.',
        'de',
        7,
        2,
        '2023-11-22 07:44:45',
        '2023-11-22 07:44:45'
    ),
    (
        68,
        'navig',
        'Navigieren.',
        'de',
        8,
        2,
        '2023-11-22 07:44:45',
        '2023-11-22 07:44:45'
    ),
    (
        69,
        'title',
        'Willkommen.',
        'de',
        9,
        2,
        '2023-11-22 07:44:45',
        '2023-11-22 07:44:45'
    ),
    (
        70,
        'contact',
        'Kontaktiere uns.',
        'de',
        10,
        2,
        '2023-11-22 07:44:45',
        '2023-11-22 07:44:45'
    ),
    (
        71,
        'app_name',
        'Aura de Mallorca',
        'de',
        11,
        3,
        '2023-11-22 07:44:45',
        '2023-11-22 07:44:45'
    ),
    (
        72,
        'header',
        'Lerne mehr über uns.',
        'de',
        12,
        3,
        '2023-11-22 07:44:45',
        '2023-11-22 07:44:45'
    ),
    (
        73,
        'navig',
        'Navigieren.',
        'de',
        13,
        3,
        '2023-11-22 07:44:45',
        '2023-11-22 07:44:45'
    ),
    (
        74,
        'title',
        'Willkommen.',
        'de',
        14,
        3,
        '2023-11-22 07:44:45',
        '2023-11-22 07:44:45'
    ),
    (
        75,
        'contact',
        'Kontaktiere uns.',
        'de',
        15,
        3,
        '2023-11-22 07:44:45',
        '2023-11-22 07:44:45'
    ),
    (
        76,
        'app_name',
        'Intranet Vacalia',
        'de',
        16,
        4,
        '2023-11-22 07:44:45',
        '2023-11-22 07:44:45'
    ),
    (
        77,
        'header',
        'Lerne mehr über uns.',
        'de',
        17,
        4,
        '2023-11-22 07:44:45',
        '2023-11-22 07:44:45'
    ),
    (
        78,
        'nav',
        'Navigieren.',
        'de',
        18,
        4,
        '2023-11-22 07:44:45',
        '2023-11-22 07:44:45'
    ),
    (
        79,
        'title',
        'Willkommen.',
        'de',
        19,
        4,
        '2023-11-22 07:44:45',
        '2023-11-22 07:44:45'
    ),
    (
        80,
        'contact',
        'Kontaktiere uns.',
        'de',
        20,
        4,
        '2023-11-22 07:44:45',
        '2023-11-22 07:44:45'
    ),
    (
        81,
        'home',
        'Inici',
        'ca',
        18,
        4,
        '2023-11-22 07:56:54',
        '2023-11-22 07:56:54'
    ),
    (
        82,
        'home',
        'Home',
        'en',
        18,
        4,
        '2023-11-22 07:56:54',
        '2023-11-22 07:56:54'
    ),
    (
        83,
        'home',
        'Start',
        'de',
        18,
        4,
        '2023-11-22 07:56:54',
        '2023-11-22 07:56:54'
    ),
    (
        84,
        'home',
        'Inicio',
        'es',
        18,
        4,
        '2023-11-22 07:56:54',
        '2023-11-22 07:56:54'
    ),
    (
        85,
        'week_houses',
        'Cases setmana/destacades',
        'ca',
        18,
        4,
        '2023-11-22 08:00:02',
        '2023-11-22 08:00:02'
    ),
    (
        86,
        'week_houses',
        'Week houses/featured',
        'en',
        18,
        4,
        '2023-11-22 08:00:02',
        '2023-11-22 08:00:02'
    ),
    (
        87,
        'week_houses',
        'Häuser Woche/vorgestellt',
        'de',
        18,
        4,
        '2023-11-22 08:00:02',
        '2023-11-22 08:00:02'
    ),
    (
        88,
        'week_houses',
        'Casas semana/destacadas',
        'es',
        18,
        4,
        '2023-11-22 08:00:02',
        '2023-11-22 08:00:02'
    ),
    (
        89,
        'promos',
        'Promocions',
        'ca',
        4,
        1,
        '2023-11-22 08:03:40',
        '2023-11-22 08:03:40'
    ),
    (
        90,
        'promos',
        'Promotions',
        'en',
        4,
        1,
        '2023-11-22 08:03:40',
        '2023-11-22 08:03:40'
    ),
    (
        91,
        'promos',
        'Werbeaktionen',
        'de',
        4,
        1,
        '2023-11-22 08:03:40',
        '2023-11-22 08:03:40'
    ),
    (
        92,
        'promos',
        'Promociones',
        'es',
        4,
        1,
        '2023-11-22 08:03:40',
        '2023-11-22 08:03:40'
    ),
    (
        93,
        'promos',
        'Promocions',
        'ca',
        18,
        4,
        '2023-11-22 08:04:16',
        '2023-11-22 08:04:16'
    ),
    (
        94,
        'promos',
        'Promotions',
        'en',
        18,
        4,
        '2023-11-22 08:04:16',
        '2023-11-22 08:04:16'
    ),
    (
        95,
        'promos',
        'Werbeaktionen',
        'de',
        18,
        4,
        '2023-11-22 08:04:16',
        '2023-11-22 08:04:16'
    ),
    (
        96,
        'promos',
        'Promociones',
        'es',
        18,
        4,
        '2023-11-22 08:04:16',
        '2023-11-22 08:04:16'
    ),
    (
        97,
        'sef',
        'sef',
        'ca',
        4,
        1,
        '2023-11-22 08:05:58',
        '2023-11-22 08:05:58'
    ),
    (
        98,
        'sef',
        'fsef',
        'en',
        4,
        1,
        '2023-11-22 08:05:58',
        '2023-11-22 08:05:58'
    ),
    (
        99,
        'sef',
        'sefsefs',
        'de',
        4,
        1,
        '2023-11-22 08:05:58',
        '2023-11-22 08:05:58'
    ),
    (
        100,
        'sef',
        'sef',
        'es',
        4,
        1,
        '2023-11-22 08:05:58',
        '2023-11-22 08:05:58'
    ),
    (
        101,
        'sefd',
        'sef',
        'ca',
        4,
        1,
        '2023-11-22 08:06:25',
        '2023-11-22 08:06:25'
    ),
    (
        102,
        'sefd',
        'sef',
        'en',
        4,
        1,
        '2023-11-22 08:06:25',
        '2023-11-22 08:06:25'
    ),
    (
        103,
        'sefd',
        'fsf',
        'de',
        4,
        1,
        '2023-11-22 08:06:25',
        '2023-11-22 08:06:25'
    ),
    (
        104,
        'sefd',
        'fsfs',
        'es',
        4,
        1,
        '2023-11-22 08:06:25',
        '2023-11-22 08:06:25'
    ),
    (
        105,
        'sfsefs',
        'feff',
        'ca',
        4,
        1,
        '2023-11-22 08:11:44',
        '2023-11-22 08:11:44'
    ),
    (
        106,
        'sfsefsd',
        'vf',
        'en',
        4,
        1,
        '2023-11-22 08:11:44',
        '2023-11-22 08:11:44'
    ),
    (
        107,
        'sfsefs',
        'sfsefs',
        'de',
        4,
        1,
        '2023-11-22 08:11:44',
        '2023-11-22 08:11:44'
    ),
    (
        108,
        'sfsefs',
        'fsef',
        'es',
        4,
        1,
        '2023-11-22 08:11:44',
        '2023-11-22 08:11:44'
    ),
    (
        109,
        'efsfsdf',
        'sefs',
        'ca',
        4,
        1,
        '2023-11-22 08:13:14',
        '2023-11-22 08:13:14'
    ),
    (
        110,
        'efsf',
        'sf',
        'en',
        4,
        1,
        '2023-11-22 08:13:14',
        '2023-11-22 08:13:14'
    ),
    (
        111,
        'efsf',
        'sf',
        'de',
        4,
        1,
        '2023-11-22 08:13:14',
        '2023-11-22 08:13:14'
    ),
    (
        112,
        'efsf',
        'cs',
        'es',
        4,
        1,
        '2023-11-22 08:13:14',
        '2023-11-22 08:13:14'
    ),
    (
        113,
        'efsf',
        'efsf',
        'ca',
        4,
        1,
        '2023-11-22 08:14:17',
        '2023-11-22 08:14:17'
    ),
    (
        114,
        'efsfefsf',
        'efsf',
        'en',
        4,
        1,
        '2023-11-22 08:14:17',
        '2023-11-22 08:14:17'
    ),
    (
        116,
        'desdedseded',
        'desded',
        'ca',
        4,
        1,
        '2023-11-22 08:15:23',
        '2023-11-22 08:15:23'
    ),
    (
        117,
        'desded',
        'desded',
        'en',
        4,
        1,
        '2023-11-22 08:15:23',
        '2023-11-22 08:15:23'
    ),
    (
        118,
        'desdedada',
        'desded',
        'de',
        4,
        1,
        '2023-11-22 08:15:23',
        '2023-11-22 08:15:23'
    ),
    (
        119,
        'desded',
        'desded',
        'es',
        4,
        1,
        '2023-11-22 08:15:23',
        '2023-11-22 08:15:23'
    ),
    (
        120,
        'desdedsfcfsecfsdecfs',
        'desdedsf',
        'ca',
        4,
        1,
        '2023-11-22 08:16:12',
        '2023-11-22 08:16:12'
    ),
    (
        121,
        'desdedsf',
        'desdedsf',
        'en',
        4,
        1,
        '2023-11-22 08:16:12',
        '2023-11-22 08:16:12'
    ),
    (
        122,
        'desdedsf',
        'desdedsf',
        'de',
        4,
        1,
        '2023-11-22 08:16:12',
        '2023-11-22 08:16:12'
    ),
    (
        123,
        'desdedsf',
        'desdedsf',
        'es',
        4,
        1,
        '2023-11-22 08:16:12',
        '2023-11-22 08:16:12'
    ),
    (
        124,
        'desdedsfdcddfecdcedfed',
        'desdedsfdcddfe',
        'ca',
        4,
        1,
        '2023-11-22 08:16:47',
        '2023-11-22 08:16:47'
    ),
    (
        125,
        'desdedsfdcddfed',
        'desdedsfdcddfe',
        'en',
        4,
        1,
        '2023-11-22 08:16:47',
        '2023-11-22 08:16:47'
    ),
    (
        126,
        'desdedsfdcddfe',
        'desdedsfdcddfe',
        'de',
        4,
        1,
        '2023-11-22 08:16:47',
        '2023-11-22 08:16:47'
    ),
    (
        127,
        'desdedsfdcddfe',
        'desdedsfdcddfe',
        'es',
        4,
        1,
        '2023-11-22 08:16:47',
        '2023-11-22 08:16:47'
    ),
    (
        128,
        'statistics',
        'Estadistiques',
        'ca',
        18,
        4,
        '2023-11-22 08:28:10',
        '2023-11-22 08:28:10'
    ),
    (
        129,
        'statistics',
        'Statistics',
        'en',
        18,
        4,
        '2023-11-22 08:28:10',
        '2023-11-22 08:28:10'
    ),
    (
        130,
        'statistics',
        'Statistiken',
        'de',
        18,
        4,
        '2023-11-22 08:28:10',
        '2023-11-22 08:28:10'
    ),
    (
        131,
        'statistics',
        'Estadísticas',
        'es',
        18,
        4,
        '2023-11-22 08:28:10',
        '2023-11-22 08:28:10'
    ),
    (
        132,
        'texts',
        'Textes',
        'ca',
        4,
        1,
        '2023-11-22 08:29:41',
        '2023-11-22 08:29:41'
    ),
    (
        133,
        'texts',
        'Texts',
        'en',
        4,
        1,
        '2023-11-22 08:29:41',
        '2023-11-22 08:29:41'
    ),
    (
        134,
        'texts',
        'Texte',
        'de',
        4,
        1,
        '2023-11-22 08:29:41',
        '2023-11-22 08:29:41'
    ),
    (
        135,
        'texts',
        'Textos',
        'es',
        4,
        1,
        '2023-11-22 08:29:41',
        '2023-11-22 08:29:41'
    ),
    (
        136,
        'texts',
        'Textes',
        'ca',
        18,
        4,
        '2023-11-22 08:30:20',
        '2023-11-22 08:30:20'
    ),
    (
        137,
        'texts',
        'Texts',
        'en',
        18,
        4,
        '2023-11-22 08:30:20',
        '2023-11-22 08:30:20'
    ),
    (
        138,
        'texts',
        'Texte',
        'de',
        18,
        4,
        '2023-11-22 08:30:20',
        '2023-11-22 08:30:20'
    ),
    (
        139,
        'texts',
        'Textos',
        'es',
        18,
        4,
        '2023-11-22 08:30:20',
        '2023-11-22 08:30:20'
    ),
    (
        140,
        'calendar',
        'Calendari',
        'ca',
        18,
        4,
        '2023-11-22 08:30:53',
        '2023-11-22 08:30:53'
    ),
    (
        141,
        'calendar',
        'Calendar',
        'en',
        18,
        4,
        '2023-11-22 08:30:53',
        '2023-11-22 08:30:53'
    ),
    (
        142,
        'calendar',
        'Kalender',
        'de',
        18,
        4,
        '2023-11-22 08:30:53',
        '2023-11-22 08:30:53'
    ),
    (
        143,
        'calendar',
        'Calendario',
        'es',
        18,
        4,
        '2023-11-22 08:30:53',
        '2023-11-22 08:30:53'
    ),
    (
        144,
        'niches',
        'Nínxols',
        'ca',
        18,
        4,
        '2023-11-22 08:43:04',
        '2023-11-22 08:43:04'
    ),
    (
        145,
        'niches',
        'Niches',
        'en',
        18,
        4,
        '2023-11-22 08:43:04',
        '2023-11-22 08:43:04'
    ),
    (
        146,
        'niches',
        'Nischen',
        'de',
        18,
        4,
        '2023-11-22 08:43:04',
        '2023-11-22 08:43:04'
    ),
    (
        147,
        'niches',
        'Nichos',
        'es',
        18,
        4,
        '2023-11-22 08:43:04',
        '2023-11-22 08:43:04'
    ),
    (
        148,
        'poi',
        'POI',
        'ca',
        18,
        4,
        '2023-11-22 08:43:36',
        '2023-11-22 08:43:36'
    ),
    (
        149,
        'poi',
        'POI',
        'en',
        18,
        4,
        '2023-11-22 08:43:36',
        '2023-11-22 08:43:36'
    ),
    (
        150,
        'poi',
        'POI',
        'de',
        18,
        4,
        '2023-11-22 08:43:36',
        '2023-11-22 08:43:36'
    ),
    (
        151,
        'poi',
        'POI',
        'es',
        18,
        4,
        '2023-11-22 08:43:36',
        '2023-11-22 08:43:36'
    ),
    (
        152,
        'campaigns',
        'Campanyes',
        'ca',
        18,
        4,
        '2023-11-22 08:44:15',
        '2023-11-22 08:44:15'
    ),
    (
        153,
        'campaigns',
        'Campaigns',
        'en',
        18,
        4,
        '2023-11-22 08:44:15',
        '2023-11-22 08:44:15'
    ),
    (
        154,
        'campaigns',
        'Glocken',
        'de',
        18,
        4,
        '2023-11-22 08:44:15',
        '2023-11-22 08:44:15'
    ),
    (
        155,
        'campaigns',
        'Campañas',
        'es',
        18,
        4,
        '2023-11-22 08:44:15',
        '2023-11-22 08:44:15'
    ),
    (
        156,
        'signout',
        'Tancar sessió',
        'ca',
        18,
        4,
        '2023-11-22 08:46:57',
        '2023-11-22 08:46:57'
    ),
    (
        157,
        'signout',
        'Sign out',
        'en',
        18,
        4,
        '2023-11-22 08:46:57',
        '2023-11-22 08:46:57'
    ),
    (
        158,
        'signout',
        'Abmelden',
        'de',
        18,
        4,
        '2023-11-22 08:46:57',
        '2023-11-22 08:46:57'
    ),
    (
        159,
        'signout',
        'Cerrar sesión',
        'es',
        18,
        4,
        '2023-11-22 08:46:57',
        '2023-11-22 08:46:57'
    ),
    (
        160,
        'houses',
        'Cases',
        'ca',
        21,
        4,
        '2023-11-22 09:12:16',
        '2023-11-22 09:12:16'
    ),
    (
        161,
        'houses',
        'Houses',
        'en',
        21,
        4,
        '2023-11-22 09:12:16',
        '2023-11-22 09:12:16'
    ),
    (
        162,
        'houses',
        'Häuser',
        'de',
        21,
        4,
        '2023-11-22 09:12:16',
        '2023-11-22 09:12:16'
    ),
    (
        163,
        'houses',
        'Casas',
        'es',
        21,
        4,
        '2023-11-22 09:12:16',
        '2023-11-22 09:12:16'
    ),
    (
        164,
        'portal_brand',
        'Portal/Marca',
        'ca',
        21,
        4,
        '2023-11-22 09:23:46',
        '2023-11-22 09:23:46'
    ),
    (
        165,
        'portal_brand',
        'Portal/Brand',
        'en',
        21,
        4,
        '2023-11-22 09:23:46',
        '2023-11-22 09:23:46'
    ),
    (
        166,
        'portal_brand',
        'Portal/Marke',
        'de',
        21,
        4,
        '2023-11-22 09:23:46',
        '2023-11-22 09:23:46'
    ),
    (
        167,
        'portal_brand',
        'Portal/Marca',
        'es',
        21,
        4,
        '2023-11-22 09:23:46',
        '2023-11-22 09:23:46'
    ),
    (
        168,
        'type',
        'Tipus',
        'ca',
        21,
        4,
        '2023-11-22 09:25:37',
        '2023-11-22 09:25:37'
    ),
    (
        169,
        'type',
        'Type',
        'en',
        21,
        4,
        '2023-11-22 09:25:37',
        '2023-11-22 09:25:37'
    ),
    (
        170,
        'type',
        'Kerl',
        'de',
        21,
        4,
        '2023-11-22 09:25:37',
        '2023-11-22 09:25:37'
    ),
    (
        171,
        'type',
        'Tipo',
        'es',
        21,
        4,
        '2023-11-22 09:25:37',
        '2023-11-22 09:25:37'
    ),
    (
        172,
        'portal_all',
        'Tots els portals',
        'ca',
        21,
        4,
        '2023-11-22 09:27:52',
        '2023-11-22 09:27:52'
    ),
    (
        173,
        'portal_all',
        'All portals',
        'en',
        21,
        4,
        '2023-11-22 09:27:52',
        '2023-11-22 09:27:52'
    ),
    (
        174,
        'portal_all',
        'Alle Portale',
        'de',
        21,
        4,
        '2023-11-22 09:27:52',
        '2023-11-22 09:27:52'
    ),
    (
        175,
        'portal_all',
        'Todos los portales',
        'es',
        21,
        4,
        '2023-11-22 09:27:52',
        '2023-11-22 09:27:52'
    ),
    (
        176,
        'type_all',
        'Tots els tipus',
        'ca',
        21,
        4,
        '2023-11-22 09:28:27',
        '2023-11-22 09:28:27'
    ),
    (
        177,
        'type_all',
        'All types',
        'en',
        21,
        4,
        '2023-11-22 09:28:27',
        '2023-11-22 09:28:27'
    ),
    (
        178,
        'type_all',
        'Alle Arten',
        'de',
        21,
        4,
        '2023-11-22 09:28:27',
        '2023-11-22 09:28:27'
    ),
    (
        179,
        'type_all',
        'Todos los tipos',
        'es',
        21,
        4,
        '2023-11-22 09:28:27',
        '2023-11-22 09:28:27'
    ),
    (
        180,
        'start',
        'Inici',
        'ca',
        21,
        4,
        '2023-11-22 09:36:25',
        '2023-11-22 09:36:25'
    ),
    (
        181,
        'start',
        'Start',
        'en',
        21,
        4,
        '2023-11-22 09:36:25',
        '2023-11-22 09:36:25'
    ),
    (
        182,
        'start',
        'Start',
        'de',
        21,
        4,
        '2023-11-22 09:36:25',
        '2023-11-22 09:36:25'
    ),
    (
        183,
        'start',
        'Inicio',
        'es',
        21,
        4,
        '2023-11-22 09:36:25',
        '2023-11-22 09:36:25'
    ),
    (
        184,
        'end',
        'Final',
        'ca',
        21,
        4,
        '2023-11-22 09:36:52',
        '2023-11-22 09:36:52'
    ),
    (
        185,
        'end',
        'End',
        'en',
        21,
        4,
        '2023-11-22 09:36:52',
        '2023-11-22 09:36:52'
    ),
    (
        186,
        'end',
        'Finale',
        'de',
        21,
        4,
        '2023-11-22 09:36:52',
        '2023-11-22 09:36:52'
    ),
    (
        187,
        'end',
        'Final',
        'es',
        21,
        4,
        '2023-11-22 09:36:52',
        '2023-11-22 09:36:52'
    ),
    (
        188,
        'actions',
        'Accions',
        'ca',
        21,
        4,
        '2023-11-22 09:38:15',
        '2023-11-22 09:38:15'
    ),
    (
        189,
        'actions',
        'Actions',
        'en',
        21,
        4,
        '2023-11-22 09:38:15',
        '2023-11-22 09:38:15'
    ),
    (
        190,
        'actions',
        'Aktionen',
        'de',
        21,
        4,
        '2023-11-22 09:38:15',
        '2023-11-22 09:38:15'
    ),
    (
        191,
        'actions',
        'Acciones',
        'es',
        21,
        4,
        '2023-11-22 09:38:15',
        '2023-11-22 09:38:15'
    ),
    (
        192,
        'edit',
        'Editar',
        'ca',
        21,
        4,
        '2023-11-22 09:43:59',
        '2023-11-22 09:43:59'
    ),
    (
        193,
        'edit',
        'Edit',
        'en',
        21,
        4,
        '2023-11-22 09:43:59',
        '2023-11-22 09:43:59'
    ),
    (
        194,
        'edit',
        'Bearbeiten',
        'de',
        21,
        4,
        '2023-11-22 09:43:59',
        '2023-11-22 09:43:59'
    ),
    (
        195,
        'edit',
        'Editar',
        'es',
        21,
        4,
        '2023-11-22 09:43:59',
        '2023-11-22 09:43:59'
    ),
    (
        196,
        'clone',
        'Clonar',
        'ca',
        21,
        4,
        '2023-11-22 09:44:29',
        '2023-11-22 09:44:29'
    ),
    (
        197,
        'clone',
        'Clone',
        'en',
        21,
        4,
        '2023-11-22 09:44:29',
        '2023-11-22 09:44:29'
    ),
    (
        198,
        'clone',
        'Klon',
        'de',
        21,
        4,
        '2023-11-22 09:44:29',
        '2023-11-22 09:44:29'
    ),
    (
        199,
        'clone',
        'Clonar',
        'es',
        21,
        4,
        '2023-11-22 09:44:29',
        '2023-11-22 09:44:29'
    ),
    (
        200,
        'delete',
        'Borrar',
        'ca',
        21,
        4,
        '2023-11-22 09:44:55',
        '2023-11-22 09:44:55'
    ),
    (
        201,
        'delete',
        'Delete',
        'en',
        21,
        4,
        '2023-11-22 09:44:55',
        '2023-11-22 09:44:55'
    ),
    (
        202,
        'delete',
        'Löschen',
        'de',
        21,
        4,
        '2023-11-22 09:44:55',
        '2023-11-22 09:44:55'
    ),
    (
        203,
        'delete',
        'Borrar',
        'es',
        21,
        4,
        '2023-11-22 09:44:55',
        '2023-11-22 09:44:55'
    ),
    (
        204,
        'create',
        'Crea',
        'ca',
        21,
        4,
        '2023-11-22 09:48:38',
        '2023-11-22 09:48:38'
    ),
    (
        205,
        'create',
        'Create',
        'en',
        21,
        4,
        '2023-11-22 09:48:38',
        '2023-11-22 09:48:38'
    ),
    (
        206,
        'create',
        'Erstellt',
        'de',
        21,
        4,
        '2023-11-22 09:48:38',
        '2023-11-22 09:48:38'
    ),
    (
        207,
        'create',
        'Crea',
        'es',
        21,
        4,
        '2023-11-22 09:48:38',
        '2023-11-22 09:48:38'
    ),
    (
        208,
        'cancel',
        'Cancel·la',
        'ca',
        21,
        4,
        '2023-11-22 09:52:24',
        '2023-11-22 09:52:24'
    ),
    (
        209,
        'cancel',
        'Cancel',
        'en',
        21,
        4,
        '2023-11-22 09:52:24',
        '2023-11-22 09:52:24'
    ),
    (
        210,
        'cancel',
        'Stornieren',
        'de',
        21,
        4,
        '2023-11-22 09:52:24',
        '2023-11-22 09:52:24'
    ),
    (
        211,
        'cancel',
        'Cancelar',
        'es',
        21,
        4,
        '2023-11-22 09:52:24',
        '2023-11-22 09:52:24'
    ),
    (
        212,
        'save',
        'Desa',
        'ca',
        21,
        4,
        '2023-11-22 09:53:42',
        '2023-11-22 09:53:42'
    ),
    (
        213,
        'save',
        'Save',
        'en',
        21,
        4,
        '2023-11-22 09:53:42',
        '2023-11-22 09:53:42'
    ),
    (
        214,
        'save',
        'Halten',
        'de',
        21,
        4,
        '2023-11-22 09:53:42',
        '2023-11-22 09:53:42'
    ),
    (
        215,
        'save',
        'Guardar',
        'es',
        21,
        4,
        '2023-11-22 09:53:42',
        '2023-11-22 09:53:42'
    ),
    (
        216,
        'user_isaware',
        'Estàs segur?',
        'ca',
        21,
        4,
        '2023-11-22 09:58:30',
        '2023-11-22 09:58:30'
    ),
    (
        217,
        'user_isaware',
        'Are you sure?',
        'en',
        21,
        4,
        '2023-11-22 09:58:30',
        '2023-11-22 09:58:30'
    ),
    (
        218,
        'user_isaware',
        'Bist du sicher?',
        'de',
        21,
        4,
        '2023-11-22 09:58:30',
        '2023-11-22 09:58:30'
    ),
    (
        219,
        'user_isaware',
        '¿Estás seguro?',
        'es',
        21,
        4,
        '2023-11-22 09:58:30',
        '2023-11-22 09:58:30'
    );

/*!40101 SET CHARACTER_SET_CLIENT=@OLD_CHARACTER_SET_CLIENT */
;

/*!40101 SET CHARACTER_SET_RESULTS=@OLD_CHARACTER_SET_RESULTS */
;

/*!40101 SET COLLATION_CONNECTION=@OLD_COLLATION_CONNECTION */
;