-- phpMyAdmin SQL Dump
-- version 5.2.1
-- https://www.phpmyadmin.net/
--
-- Servidor: 127.0.0.1
-- Tiempo de generación: 24-11-2023 a las 12:28:25
-- Versión del servidor: 10.4.28-MariaDB
-- Versión de PHP: 8.2.4

SET SQL_MODE = "NO_AUTO_VALUE_ON_ZERO";
START TRANSACTION;
SET time_zone = "+00:00";


/*!40101 SET @OLD_CHARACTER_SET_CLIENT=@@CHARACTER_SET_CLIENT */;
/*!40101 SET @OLD_CHARACTER_SET_RESULTS=@@CHARACTER_SET_RESULTS */;
/*!40101 SET @OLD_COLLATION_CONNECTION=@@COLLATION_CONNECTION */;
/*!40101 SET NAMES utf8mb4 */;

USE translator;

--
-- Volcado de datos para la tabla `app_page`
--

INSERT INTO
    `app_page` (
        `id`,
        `name`,
        `domain`,
        `apiKey`,
        `updated_at`,
        `created_at`
    )
VALUES
    (
        1,
        'Homerti',
        'https://homerti.com',
        '',
        '2023-11-22 07:44:45',
        '2023-11-22 07:44:45'
    ),
    (
        2,
        'Vacalia',
        'https://vacalia.com',
        '',
        '2023-11-22 07:44:45',
        '2023-11-22 07:44:45'
    ),
    (
        3,
        'Aura de Mallorca',
        'https://hotelaurademallorca.com',
        '',
        '2023-11-22 07:44:45',
        '2023-11-22 07:44:45'
    ),
    (
        4,
        'Intranet Vacalia',
        'https://intranet.vacalia.com',
        '987v06cbe379d591fk38b9956d2706F2'
        '2023-11-22 07:44:45',
        '2023-11-22 07:44:45'
    );

--
-- Volcado de datos para la tabla `section`
--

INSERT INTO `section` (`id`, `page_id`, `section_name`, `section_parent`, `updated_at`, `created_at`) VALUES
(1, 1, 'Title', NULL, '2023-11-22 07:44:45', '2023-11-22 07:44:45'),
(2, 1, 'Header', NULL, '2023-11-22 07:44:45', '2023-11-22 07:44:45'),
(3, 1, 'Nav', 2, '2023-11-22 07:44:45', '2023-11-22 07:44:45'),
(4, 1, 'Body', NULL, '2023-11-22 07:44:45', '2023-11-22 07:44:45'),
(5, 1, 'Contact', 4, '2023-11-22 07:44:45', '2023-11-22 07:44:45'),
(6, 2, 'Title', NULL, '2023-11-22 07:44:45', '2023-11-22 07:44:45'),
(7, 2, 'Header', NULL, '2023-11-22 07:44:45', '2023-11-22 07:44:45'),
(8, 2, 'Nav', 7, '2023-11-22 07:44:45', '2023-11-22 07:44:45'),
(9, 2, 'Body', NULL, '2023-11-22 07:44:45', '2023-11-22 07:44:45'),
(10, 2, 'Contact', 9, '2023-11-22 07:44:45', '2023-11-22 07:44:45'),
(11, 3, 'Title', NULL, '2023-11-22 07:44:45', '2023-11-22 07:44:45'),
(12, 3, 'Header', NULL, '2023-11-22 07:44:45', '2023-11-22 07:44:45'),
(13, 3, 'Nav', 11, '2023-11-22 07:44:45', '2023-11-22 07:44:45'),
(14, 3, 'Body', NULL, '2023-11-22 07:44:45', '2023-11-22 07:44:45'),
(15, 3, 'Contact', 14, '2023-11-22 07:44:45', '2023-11-22 07:44:45'),
(16, 4, 'Title', NULL, '2023-11-22 07:44:45', '2023-11-22 07:44:45'),
(17, 4, 'Header', NULL, '2023-11-22 07:44:45', '2023-11-22 07:44:45'),
(18, 4, 'Nav', 16, '2023-11-22 07:44:45', '2023-11-22 07:44:45'),
(19, 4, 'Body', NULL, '2023-11-22 07:44:45', '2023-11-22 07:44:45'),
(20, 4, 'Contact', 19, '2023-11-22 07:44:45', '2023-11-22 07:44:45'),
(21, 4, 'weekHouses', 19, '2023-11-22 09:09:56', '2023-11-22 09:09:12'),
(22, 4, 'statistics', 19, '2023-11-22 10:43:40', '2023-11-22 10:02:54'),
(23, 4, 'promotions', 19, '2023-11-22 11:08:56', '2023-11-22 11:08:46'),
(24, 4, 'promosTexts', 19, '2023-11-23 08:25:45', '2023-11-23 08:25:45'),
(25, 4, 'campaigns', 19, '2023-11-23 09:03:43', '2023-11-23 09:03:43'),
(26, 4, 'niches', 19, '2023-11-24 07:42:46', '2023-11-24 07:42:46'),
(27, 4, 'poi', 19, '2023-11-24 09:27:11', '2023-11-24 09:27:11');

--
-- Volcado de datos para la tabla `lang`
--

INSERT INTO `lang` (`id`, `lang_code`, `lang_name`, `updated_at`, `created_at`) VALUES
(1, 'en', 'English', '2023-11-22 07:44:45', '2023-11-22 07:44:45'),
(2, 'es', 'Spanish', '2023-11-22 07:44:45', '2023-11-22 07:44:45'),
(3, 'ca', 'Catalan', '2023-11-22 07:44:45', '2023-11-22 07:44:45'),
(4, 'de', 'German', '2023-11-22 07:44:45', '2023-11-22 07:44:45');

--
-- Volcado de datos para la tabla `literal`
--

INSERT INTO `literal` (`id`, `code`, `content`, `lang_code`, `section_id`, `page_id`, `updated_at`, `created_at`) VALUES
(1, 'app_name', 'Homerti', 'en', 1, 1, '2023-11-22 07:44:45', '2023-11-22 07:44:45'),
(2, 'header', 'Learn more about us.', 'en', 2, 1, '2023-11-22 07:44:45', '2023-11-22 07:44:45'),
(3, 'nav', 'Navigate.', 'en', 3, 1, '2023-11-22 07:44:45', '2023-11-22 07:44:45'),
(4, 'title', 'Welcome.', 'en', 4, 1, '2023-11-22 07:44:45', '2023-11-22 07:44:45'),
(5, 'contact', 'Contact us for inquiries.', 'en', 5, 1, '2023-11-22 07:44:45', '2023-11-22 07:44:45'),
(6, 'app_name', 'Vacalia', 'en', 6, 2, '2023-11-22 07:44:45', '2023-11-22 07:44:45'),
(7, 'header', 'Learn more about us.', 'en', 7, 2, '2023-11-22 07:44:45', '2023-11-22 07:44:45'),
(8, 'nav', 'Navigate.', 'en', 8, 2, '2023-11-22 07:44:45', '2023-11-22 07:44:45'),
(9, 'title', 'Welcome.', 'en', 9, 2, '2023-11-22 07:44:45', '2023-11-22 07:44:45'),
(10, 'contact', 'Contact us for inquiries.', 'en', 10, 2, '2023-11-22 07:44:45', '2023-11-22 07:44:45'),
(11, 'app_name', 'Aura de Mallorca', 'en', 11, 3, '2023-11-22 07:44:45', '2023-11-22 07:44:45'),
(12, 'header', 'Learn more about us.', 'en', 12, 3, '2023-11-22 07:44:45', '2023-11-22 07:44:45'),
(13, 'nav', 'Navigate.', 'en', 13, 3, '2023-11-22 07:44:45', '2023-11-22 07:44:45'),
(14, 'title', 'Welcome.', 'en', 14, 3, '2023-11-22 07:44:45', '2023-11-22 07:44:45'),
(15, 'contact', 'Contact us for inquiries.', 'en', 15, 3, '2023-11-22 07:44:45', '2023-11-22 07:44:45'),
(16, 'app_name', 'Intranet Vacalia', 'en', 16, 4, '2023-11-22 07:44:45', '2023-11-22 07:44:45'),
(17, 'header', 'Learn more about us.', 'en', 17, 4, '2023-11-22 07:44:45', '2023-11-22 07:44:45'),
(18, 'nav', 'Navigate.', 'en', 18, 4, '2023-11-22 07:44:45', '2023-11-22 07:44:45'),
(19, 'title', 'Welcome.', 'en', 19, 4, '2023-11-22 07:44:45', '2023-11-22 07:44:45'),
(20, 'contact', 'Contact us for inquiries.', 'en', 20, 4, '2023-11-22 07:44:45', '2023-11-22 07:44:45'),
(21, 'app_name', 'Homerti', 'es', 1, 1, '2023-11-22 07:44:45', '2023-11-22 07:44:45'),
(22, 'header', 'Saber más sobre nosotros.', 'es', 2, 1, '2023-11-22 07:44:45', '2023-11-22 07:44:45'),
(23, 'nav', 'Navega.', 'es', 3, 1, '2023-11-22 07:44:45', '2023-11-22 07:44:45'),
(24, 'title', 'Bienvenido.', 'es', 4, 1, '2023-11-22 07:44:45', '2023-11-22 07:44:45'),
(25, 'contact', 'Contactanos.', 'es', 5, 1, '2023-11-22 07:44:45', '2023-11-22 07:44:45'),
(26, 'app_name', 'Vacalia', 'es', 6, 2, '2023-11-22 07:44:45', '2023-11-22 07:44:45'),
(27, 'header', 'Saber más sobre nosotros.', 'es', 7, 2, '2023-11-22 07:44:45', '2023-11-22 07:44:45'),
(28, 'nav', 'Navega', 'es', 8, 2, '2023-11-22 07:44:45', '2023-11-22 07:44:45'),
(29, 'title', 'Bienvenido.', 'es', 9, 2, '2023-11-22 07:44:45', '2023-11-22 07:44:45'),
(30, 'contact', 'Contactanos.', 'es', 10, 2, '2023-11-22 07:44:45', '2023-11-22 07:44:45'),
(31, 'app_name', 'Aura de Mallorca', 'es', 11, 3, '2023-11-22 07:44:45', '2023-11-22 07:44:45'),
(32, 'header', 'Saber más sobre nosotros.', 'es', 12, 3, '2023-11-22 07:44:45', '2023-11-22 07:44:45'),
(33, 'nav', 'Navega.', 'es', 13, 3, '2023-11-22 07:44:45', '2023-11-22 07:44:45'),
(34, 'title', 'Bienvenido.', 'es', 14, 3, '2023-11-22 07:44:45', '2023-11-22 07:44:45'),
(35, 'contact', 'Contactanos.', 'es', 15, 3, '2023-11-22 07:44:45', '2023-11-22 07:44:45'),
(36, 'app_name', 'Intranet Vacalia', 'es', 16, 4, '2023-11-22 07:44:45', '2023-11-22 07:44:45'),
(37, 'header', 'Saber más sobre nosotros.', 'es', 17, 4, '2023-11-22 07:44:45', '2023-11-22 07:44:45'),
(38, 'nav', 'Navega.', 'es', 18, 4, '2023-11-22 07:44:45', '2023-11-22 07:44:45'),
(39, 'title', 'Bienvenido.', 'es', 19, 4, '2023-11-22 07:44:45', '2023-11-22 07:44:45'),
(40, 'contact', 'Contactanos.', 'es', 20, 4, '2023-11-22 07:44:45', '2023-11-22 07:44:45'),
(41, 'app_name', 'Homerti', 'ca', 1, 1, '2023-11-22 07:44:45', '2023-11-22 07:44:45'),
(42, 'header', 'Sebre més sobre nosaltres.', 'ca', 2, 1, '2023-11-22 07:44:45', '2023-11-22 07:44:45'),
(43, 'nav', 'Naviga.', 'ca', 3, 1, '2023-11-22 07:44:45', '2023-11-22 07:44:45'),
(44, 'title', 'Benvingut.', 'ca', 4, 1, '2023-11-22 07:44:45', '2023-11-22 07:44:45'),
(45, 'contact', 'Contacteu-nos.', 'ca', 5, 1, '2023-11-22 07:44:45', '2023-11-22 07:44:45'),
(46, 'app_name', 'Vacalia', 'ca', 6, 2, '2023-11-22 07:44:45', '2023-11-22 07:44:45'),
(47, 'header', 'Sebre més sobre nosaltres.', 'ca', 7, 2, '2023-11-22 07:44:45', '2023-11-22 07:44:45'),
(48, 'nav', 'Naviga.', 'ca', 8, 2, '2023-11-22 07:44:45', '2023-11-22 07:44:45'),
(49, 'title', 'Benvingut.', 'ca', 9, 2, '2023-11-22 07:44:45', '2023-11-22 07:44:45'),
(50, 'contact', 'Contacteu-nos.', 'ca', 10, 2, '2023-11-22 07:44:45', '2023-11-22 07:44:45'),
(51, 'app_name', 'Aura de Mallorca', 'ca', 11, 3, '2023-11-22 07:44:45', '2023-11-22 07:44:45'),
(52, 'header', 'Sebre més sobre nosaltres.', 'ca', 12, 3, '2023-11-22 07:44:45', '2023-11-22 07:44:45'),
(53, 'nav', 'Naviga.', 'ca', 13, 3, '2023-11-22 07:44:45', '2023-11-22 07:44:45'),
(54, 'title', 'Benvingut.', 'ca', 14, 3, '2023-11-22 07:44:45', '2023-11-22 07:44:45'),
(55, 'contact', 'Contacteu-nos.', 'ca', 15, 3, '2023-11-22 07:44:45', '2023-11-22 07:44:45'),
(56, 'app_name', 'Intranet Vacalia', 'ca', 16, 4, '2023-11-22 07:44:45', '2023-11-22 07:44:45'),
(57, 'header', 'Sebre més sobre nosaltres.', 'ca', 17, 4, '2023-11-22 07:44:45', '2023-11-22 07:44:45'),
(58, 'nav', 'Naviga.', 'ca', 18, 4, '2023-11-22 07:44:45', '2023-11-22 07:44:45'),
(59, 'title', 'Benvingut.', 'ca', 19, 4, '2023-11-22 07:44:45', '2023-11-22 07:44:45'),
(60, 'contact', 'Contacteu-nos.', 'ca', 20, 4, '2023-11-22 07:44:45', '2023-11-22 07:44:45'),
(61, 'app_name', 'Homerti', 'de', 1, 1, '2023-11-22 07:44:45', '2023-11-22 07:44:45'),
(62, 'header', 'Lerne mehr über uns.', 'de', 2, 1, '2023-11-22 07:44:45', '2023-11-22 07:44:45'),
(63, 'navig', 'Navigieren.', 'de', 3, 1, '2023-11-22 07:44:45', '2023-11-22 07:44:45'),
(64, 'title', 'Willkommen.', 'de', 4, 1, '2023-11-22 07:44:45', '2023-11-22 07:44:45'),
(65, 'contact', 'Kontaktiere uns.', 'de', 5, 1, '2023-11-22 07:44:45', '2023-11-22 07:44:45'),
(66, 'app_name', 'Vacalia', 'de', 6, 2, '2023-11-22 07:44:45', '2023-11-22 07:44:45'),
(67, 'header', 'Lerne mehr über uns.', 'de', 7, 2, '2023-11-22 07:44:45', '2023-11-22 07:44:45'),
(68, 'navig', 'Navigieren.', 'de', 8, 2, '2023-11-22 07:44:45', '2023-11-22 07:44:45'),
(69, 'title', 'Willkommen.', 'de', 9, 2, '2023-11-22 07:44:45', '2023-11-22 07:44:45'),
(70, 'contact', 'Kontaktiere uns.', 'de', 10, 2, '2023-11-22 07:44:45', '2023-11-22 07:44:45'),
(71, 'app_name', 'Aura de Mallorca', 'de', 11, 3, '2023-11-22 07:44:45', '2023-11-22 07:44:45'),
(72, 'header', 'Lerne mehr über uns.', 'de', 12, 3, '2023-11-22 07:44:45', '2023-11-22 07:44:45'),
(73, 'navig', 'Navigieren.', 'de', 13, 3, '2023-11-22 07:44:45', '2023-11-22 07:44:45'),
(74, 'title', 'Willkommen.', 'de', 14, 3, '2023-11-22 07:44:45', '2023-11-22 07:44:45'),
(75, 'contact', 'Kontaktiere uns.', 'de', 15, 3, '2023-11-22 07:44:45', '2023-11-22 07:44:45'),
(76, 'app_name', 'Intranet Vacalia', 'de', 16, 4, '2023-11-22 07:44:45', '2023-11-22 07:44:45'),
(77, 'header', 'Lerne mehr über uns.', 'de', 17, 4, '2023-11-22 07:44:45', '2023-11-22 07:44:45'),
(78, 'nav', 'Navigieren.', 'de', 18, 4, '2023-11-22 07:44:45', '2023-11-22 07:44:45'),
(79, 'title', 'Willkommen.', 'de', 19, 4, '2023-11-22 07:44:45', '2023-11-22 07:44:45'),
(80, 'contact', 'Kontaktiere uns.', 'de', 20, 4, '2023-11-22 07:44:45', '2023-11-22 07:44:45'),
(81, 'home', 'Inici', 'ca', 18, 4, '2023-11-22 07:56:54', '2023-11-22 07:56:54'),
(82, 'home', 'Home', 'en', 18, 4, '2023-11-22 07:56:54', '2023-11-22 07:56:54'),
(83, 'home', 'Start', 'de', 18, 4, '2023-11-22 07:56:54', '2023-11-22 07:56:54'),
(84, 'home', 'Inicio', 'es', 18, 4, '2023-11-22 07:56:54', '2023-11-22 07:56:54'),
(85, 'week_houses', 'Cases setmana/destacades', 'ca', 18, 4, '2023-11-22 08:00:02', '2023-11-22 08:00:02'),
(86, 'week_houses', 'Week houses/featured', 'en', 18, 4, '2023-11-22 08:00:02', '2023-11-22 08:00:02'),
(87, 'week_houses', 'Häuser Woche/vorgestellt', 'de', 18, 4, '2023-11-22 08:00:02', '2023-11-22 08:00:02'),
(88, 'week_houses', 'Casas semana/destacadas', 'es', 18, 4, '2023-11-22 08:00:02', '2023-11-22 08:00:02'),
(89, 'promos', 'Promocions', 'ca', 4, 1, '2023-11-22 08:03:40', '2023-11-22 08:03:40'),
(90, 'promos', 'Promotions', 'en', 4, 1, '2023-11-22 08:03:40', '2023-11-22 08:03:40'),
(91, 'promos', 'Werbeaktionen', 'de', 4, 1, '2023-11-22 08:03:40', '2023-11-22 08:03:40'),
(92, 'promos', 'Promociones', 'es', 4, 1, '2023-11-22 08:03:40', '2023-11-22 08:03:40'),
(93, 'promos', 'Promocions', 'ca', 18, 4, '2023-11-22 08:04:16', '2023-11-22 08:04:16'),
(94, 'promos', 'Promotions', 'en', 18, 4, '2023-11-22 08:04:16', '2023-11-22 08:04:16'),
(95, 'promos', 'Werbeaktionen', 'de', 18, 4, '2023-11-22 08:04:16', '2023-11-22 08:04:16'),
(96, 'promos', 'Promociones', 'es', 18, 4, '2023-11-22 08:04:16', '2023-11-22 08:04:16'),
(97, 'statistics', 'Estadistiques', 'ca', 22, 4, '2023-11-22 10:23:37', '2023-11-22 08:28:10'),
(98, 'statistics', 'Statistics', 'en', 22, 4, '2023-11-22 10:23:41', '2023-11-22 08:28:10'),
(99, 'statistics', 'Statistiken', 'de', 22, 4, '2023-11-22 10:23:48', '2023-11-22 08:28:10'),
(101, 'statistics', 'Estadísticas', 'es', 22, 4, '2023-11-22 10:25:49', '2023-11-22 08:28:10'),
(102, 'texts', 'Textes', 'ca', 4, 1, '2023-11-22 08:29:41', '2023-11-22 08:29:41'),
(103, 'texts', 'Texts', 'en', 4, 1, '2023-11-22 08:29:41', '2023-11-22 08:29:41'),
(104, 'texts', 'Texte', 'de', 4, 1, '2023-11-22 08:29:41', '2023-11-22 08:29:41'),
(105, 'texts', 'Textos', 'es', 4, 1, '2023-11-22 08:29:41', '2023-11-22 08:29:41'),
(106, 'texts', 'Textes', 'ca', 18, 4, '2023-11-22 08:30:20', '2023-11-22 08:30:20'),
(107, 'texts', 'Texts', 'en', 18, 4, '2023-11-22 08:30:20', '2023-11-22 08:30:20'),
(108, 'texts', 'Texte', 'de', 18, 4, '2023-11-22 08:30:20', '2023-11-22 08:30:20'),
(109, 'texts', 'Textos', 'es', 18, 4, '2023-11-22 08:30:20', '2023-11-22 08:30:20'),
(110, 'calendar', 'Calendari', 'ca', 18, 4, '2023-11-22 08:30:53', '2023-11-22 08:30:53'),
(111, 'calendar', 'Calendar', 'en', 18, 4, '2023-11-22 08:30:53', '2023-11-22 08:30:53'),
(112, 'calendar', 'Kalender', 'de', 18, 4, '2023-11-22 08:30:53', '2023-11-22 08:30:53'),
(113, 'calendar', 'Calendario', 'es', 18, 4, '2023-11-22 08:30:53', '2023-11-22 08:30:53'),
(114, 'niches', 'Nínxols', 'ca', 18, 4, '2023-11-22 08:43:04', '2023-11-22 08:43:04'),
(115, 'niches', 'Niches', 'en', 18, 4, '2023-11-22 08:43:04', '2023-11-22 08:43:04'),
(116, 'niches', 'Nischen', 'de', 18, 4, '2023-11-22 08:43:04', '2023-11-22 08:43:04'),
(117, 'niches', 'Nichos', 'es', 18, 4, '2023-11-22 08:43:04', '2023-11-22 08:43:04'),
(118, 'poi', 'POI', 'ca', 18, 4, '2023-11-22 08:43:36', '2023-11-22 08:43:36'),
(119, 'poi', 'POI', 'en', 18, 4, '2023-11-22 08:43:36', '2023-11-22 08:43:36'),
(120, 'poi', 'POI', 'de', 18, 4, '2023-11-22 08:43:36', '2023-11-22 08:43:36'),
(121, 'poi', 'POI', 'es', 18, 4, '2023-11-22 08:43:36', '2023-11-22 08:43:36'),
(122, 'campaigns', 'Campanyes', 'ca', 18, 4, '2023-11-22 08:44:15', '2023-11-22 08:44:15'),
(123, 'campaigns', 'Campaigns', 'en', 18, 4, '2023-11-22 08:44:15', '2023-11-22 08:44:15'),
(124, 'campaigns', 'Glocken', 'de', 18, 4, '2023-11-22 08:44:15', '2023-11-22 08:44:15'),
(125, 'campaigns', 'Campañas', 'es', 18, 4, '2023-11-22 08:44:15', '2023-11-22 08:44:15'),
(126, 'signout', 'Tancar sessió', 'ca', 18, 4, '2023-11-22 08:46:57', '2023-11-22 08:46:57'),
(127, 'signout', 'Sign out', 'en', 18, 4, '2023-11-22 08:46:57', '2023-11-22 08:46:57'),
(128, 'signout', 'Abmelden', 'de', 18, 4, '2023-11-22 08:46:57', '2023-11-22 08:46:57'),
(129, 'signout', 'Cerrar sesión', 'es', 18, 4, '2023-11-22 08:46:57', '2023-11-22 08:46:57'),
(130, 'houses', 'Cases', 'ca', 21, 4, '2023-11-22 09:12:16', '2023-11-22 09:12:16'),
(131, 'houses', 'Houses', 'en', 21, 4, '2023-11-22 09:12:16', '2023-11-22 09:12:16'),
(132, 'houses', 'Häuser', 'de', 21, 4, '2023-11-22 09:12:16', '2023-11-22 09:12:16'),
(133, 'houses', 'Casas', 'es', 21, 4, '2023-11-22 09:12:16', '2023-11-22 09:12:16'),
(134, 'portal_brand', 'Portal/Marca', 'ca', 21, 4, '2023-11-22 09:23:46', '2023-11-22 09:23:46'),
(135, 'portal_brand', 'Portal/Brand', 'en', 21, 4, '2023-11-22 09:23:46', '2023-11-22 09:23:46'),
(136, 'portal_brand', 'Portal/Marke', 'de', 21, 4, '2023-11-22 09:23:46', '2023-11-22 09:23:46'),
(137, 'portal_brand', 'Portal/Marca', 'es', 21, 4, '2023-11-22 09:23:46', '2023-11-22 09:23:46'),
(138, 'type', 'Tipus', 'ca', 21, 4, '2023-11-22 09:25:37', '2023-11-22 09:25:37'),
(139, 'type', 'Type', 'en', 21, 4, '2023-11-22 09:25:37', '2023-11-22 09:25:37'),
(140, 'type', 'Kerl', 'de', 21, 4, '2023-11-22 09:25:37', '2023-11-22 09:25:37'),
(141, 'type', 'Tipo', 'es', 21, 4, '2023-11-22 09:25:37', '2023-11-22 09:25:37'),
(142, 'portal_all', 'Tots els portals', 'ca', 21, 4, '2023-11-22 09:27:52', '2023-11-22 09:27:52'),
(143, 'portal_all', 'All portals', 'en', 21, 4, '2023-11-22 09:27:52', '2023-11-22 09:27:52'),
(144, 'portal_all', 'Alle Portale', 'de', 21, 4, '2023-11-22 09:27:52', '2023-11-22 09:27:52'),
(145, 'portal_all', 'Todos los portales', 'es', 21, 4, '2023-11-22 09:27:52', '2023-11-22 09:27:52'),
(146, 'type_all', 'Tots els tipus', 'ca', 21, 4, '2023-11-22 09:28:27', '2023-11-22 09:28:27'),
(147, 'type_all', 'All types', 'en', 21, 4, '2023-11-22 09:28:27', '2023-11-22 09:28:27'),
(148, 'type_all', 'Alle Arten', 'de', 21, 4, '2023-11-22 09:28:27', '2023-11-22 09:28:27'),
(149, 'type_all', 'Todos los tipos', 'es', 21, 4, '2023-11-22 09:28:27', '2023-11-22 09:28:27'),
(150, 'start', 'Inici', 'ca', 21, 4, '2023-11-22 09:36:25', '2023-11-22 09:36:25'),
(151, 'start', 'Start', 'en', 21, 4, '2023-11-22 09:36:25', '2023-11-22 09:36:25'),
(152, 'start', 'Start', 'de', 21, 4, '2023-11-22 09:36:25', '2023-11-22 09:36:25'),
(153, 'start', 'Inicio', 'es', 21, 4, '2023-11-22 09:36:25', '2023-11-22 09:36:25'),
(154, 'end', 'Final', 'ca', 21, 4, '2023-11-22 09:36:52', '2023-11-22 09:36:52'),
(155, 'end', 'End', 'en', 21, 4, '2023-11-22 09:36:52', '2023-11-22 09:36:52'),
(156, 'end', 'Finale', 'de', 21, 4, '2023-11-22 09:36:52', '2023-11-22 09:36:52'),
(157, 'end', 'Final', 'es', 21, 4, '2023-11-22 09:36:52', '2023-11-22 09:36:52'),
(158, 'actions', 'Accions', 'ca', 21, 4, '2023-11-22 09:38:15', '2023-11-22 09:38:15'),
(159, 'actions', 'Actions', 'en', 21, 4, '2023-11-22 09:38:15', '2023-11-22 09:38:15'),
(160, 'actions', 'Aktionen', 'de', 21, 4, '2023-11-22 09:38:15', '2023-11-22 09:38:15'),
(161, 'actions', 'Acciones', 'es', 21, 4, '2023-11-22 09:38:15', '2023-11-22 09:38:15'),
(162, 'edit', 'Editar', 'ca', 21, 4, '2023-11-22 09:43:59', '2023-11-22 09:43:59'),
(163, 'edit', 'Edit', 'en', 21, 4, '2023-11-22 09:43:59', '2023-11-22 09:43:59'),
(164, 'edit', 'Bearbeiten', 'de', 21, 4, '2023-11-22 09:43:59', '2023-11-22 09:43:59'),
(165, 'edit', 'Editar', 'es', 21, 4, '2023-11-22 09:43:59', '2023-11-22 09:43:59'),
(166, 'clone', 'Clonar', 'ca', 21, 4, '2023-11-22 09:44:29', '2023-11-22 09:44:29'),
(167, 'clone', 'Clone', 'en', 21, 4, '2023-11-22 09:44:29', '2023-11-22 09:44:29'),
(168, 'clone', 'Klon', 'de', 21, 4, '2023-11-22 09:44:29', '2023-11-22 09:44:29'),
(169, 'clone', 'Clonar', 'es', 21, 4, '2023-11-22 09:44:29', '2023-11-22 09:44:29'),
(170, 'delete', 'Borrar', 'ca', 21, 4, '2023-11-22 09:44:55', '2023-11-22 09:44:55'),
(171, 'delete', 'Delete', 'en', 21, 4, '2023-11-22 09:44:55', '2023-11-22 09:44:55'),
(172, 'delete', 'Löschen', 'de', 21, 4, '2023-11-22 09:44:55', '2023-11-22 09:44:55'),
(173, 'delete', 'Borrar', 'es', 21, 4, '2023-11-22 09:44:55', '2023-11-22 09:44:55'),
(174, 'create', 'Crea', 'ca', 21, 4, '2023-11-22 09:48:38', '2023-11-22 09:48:38'),
(175, 'create', 'Create', 'en', 21, 4, '2023-11-22 09:48:38', '2023-11-22 09:48:38'),
(176, 'create', 'Erstellt', 'de', 21, 4, '2023-11-22 09:48:38', '2023-11-22 09:48:38'),
(177, 'create', 'Crea', 'es', 21, 4, '2023-11-22 09:48:38', '2023-11-22 09:48:38'),
(178, 'cancel', 'Cancel·la', 'ca', 21, 4, '0000-00-00 00:00:00', '2023-11-22 09:52:24'),
(179, 'cancel', 'Cancel', 'en', 21, 4, '2023-11-22 09:52:24', '2023-11-22 09:52:24'),
(180, 'cancel', 'Stornieren', 'de', 21, 4, '2023-11-22 09:52:24', '2023-11-22 09:52:24'),
(181, 'cancel', 'Cancelar', 'es', 21, 4, '2023-11-22 09:52:24', '2023-11-22 09:52:24'),
(182, 'save', 'Desa', 'ca', 21, 4, '2023-11-22 09:53:42', '2023-11-22 09:53:42'),
(183, 'save', 'Save', 'en', 21, 4, '2023-11-22 09:53:42', '2023-11-22 09:53:42'),
(184, 'save', 'Halten', 'de', 21, 4, '2023-11-22 09:53:42', '2023-11-22 09:53:42'),
(185, 'save', 'Guardar', 'es', 21, 4, '2023-11-22 09:53:42', '2023-11-22 09:53:42'),
(186, 'user_isaware', 'Estàs segur?', 'ca', 21, 4, '2023-11-22 09:58:30', '2023-11-22 09:58:30'),
(187, 'user_isaware', 'Are you sure?', 'en', 21, 4, '2023-11-22 09:58:30', '2023-11-22 09:58:30'),
(188, 'user_isaware', 'Bist du sicher?', 'de', 21, 4, '2023-11-22 09:58:30', '2023-11-22 09:58:30'),
(189, 'user_isaware', '¿Estás seguro?', 'es', 21, 4, '2023-11-22 09:58:30', '2023-11-22 09:58:30'),
(190, 'housesWithPromotions', 'Cases amb promocions', 'ca', 22, 4, '2023-11-22 10:40:45', '2023-11-22 10:40:45'),
(191, 'housesWithPromotions', 'Houses with promotions', 'en', 22, 4, '2023-11-22 10:40:45', '2023-11-22 10:40:45'),
(192, 'housesWithPromotions', 'Häuser mit Sonderangeboten', 'de', 22, 4, '2023-11-22 10:40:45', '2023-11-22 10:40:45'),
(193, 'housesWithPromotions', 'Casas con promociones', 'es', 22, 4, '2023-11-22 10:40:45', '2023-11-22 10:40:45'),
(194, 'promotion', 'Promoció', 'ca', 22, 4, '2023-11-22 10:48:06', '2023-11-22 10:48:06'),
(195, 'promotion', 'Promotion', 'en', 22, 4, '2023-11-22 10:48:06', '2023-11-22 10:48:06'),
(196, 'promotion', 'Förderung', 'de', 22, 4, '2023-11-22 10:48:06', '2023-11-22 10:48:06'),
(197, 'promotion', 'Promocion', 'es', 22, 4, '2023-11-22 10:48:06', '2023-11-22 10:48:06'),
(198, 'houseID', 'ID de la casa', 'ca', 21, 4, '2023-11-22 10:49:28', '2023-11-22 10:49:28'),
(199, 'houseID', 'House ID', 'en', 21, 4, '2023-11-22 10:49:28', '2023-11-22 10:49:28'),
(200, 'houseID', 'Haus-ID', 'de', 21, 4, '2023-11-22 10:49:28', '2023-11-22 10:49:28'),
(201, 'houseID', 'ID de la casa', 'es', 21, 4, '2023-11-22 10:49:28', '2023-11-22 10:49:28'),
(202, 'promos_thatApplyToAllHouses', 'Promocions que s\'apliquen a totes les cases', 'ca', 22, 4, '2023-11-22 11:01:14', '2023-11-22 11:01:14'),
(203, 'promos_thatApplyToAllHouses', 'Promos that apply to all houses', 'en', 22, 4, '2023-11-22 11:01:14', '2023-11-22 11:01:14'),
(204, 'promos_thatApplyToAllHouses', 'Aktionen, die für alle Häuser gelten', 'de', 22, 4, '2023-11-22 11:01:14', '2023-11-22 11:01:14'),
(205, 'promos_thatApplyToAllHouses', 'Promociones que se aplican a todas las casas', 'es', 22, 4, '2023-11-22 11:01:14', '2023-11-22 11:01:14'),
(206, 'promoName', 'Nom de la promoció', 'ca', 23, 4, '2023-11-22 12:10:12', '2023-11-22 12:10:12'),
(207, 'promoName', 'Promotion name', 'en', 23, 4, '2023-11-22 12:10:12', '2023-11-22 12:10:12'),
(208, 'promoName', 'Aktionsname', 'de', 23, 4, '2023-11-22 12:10:12', '2023-11-22 12:10:12'),
(209, 'promoName', 'Nombre de la promoción', 'es', 23, 4, '2023-11-22 12:10:12', '2023-11-22 12:10:12'),
(210, 'discount_code', 'Codi descompte', 'ca', 23, 4, '2023-11-22 12:12:05', '2023-11-22 12:12:05'),
(211, 'discount_code', 'Discount code', 'en', 23, 4, '2023-11-22 12:12:05', '2023-11-22 12:12:05'),
(212, 'discount_code', 'Rabattcode', 'de', 23, 4, '2023-11-22 12:12:05', '2023-11-22 12:12:05'),
(213, 'discount_code', 'Código descuento', 'es', 23, 4, '2023-11-22 12:12:05', '2023-11-22 12:12:05'),
(214, 'quantity', 'Quantitat', 'ca', 23, 4, '2023-11-22 12:13:25', '2023-11-22 12:13:25'),
(215, 'quantity', 'Quantity', 'en', 23, 4, '2023-11-22 12:13:25', '2023-11-22 12:13:25'),
(216, 'quantity', 'Menge', 'de', 23, 4, '2023-11-22 12:13:25', '2023-11-22 12:13:25'),
(217, 'quantity', 'Cantidad', 'es', 23, 4, '2023-11-22 12:13:25', '2023-11-22 12:13:25'),
(218, 'booking_startDate', 'Inici de reserva', 'ca', 23, 4, '2023-11-22 12:14:15', '2023-11-22 12:14:15'),
(219, 'booking_startDate', 'Booking start date', 'en', 23, 4, '2023-11-22 12:14:15', '2023-11-22 12:14:15'),
(220, 'booking_startDate', 'Reservierungsbeginn', 'de', 23, 4, '2023-11-22 12:14:15', '2023-11-22 12:14:15'),
(221, 'booking_startDate', 'Inicio de reserva', 'es', 23, 4, '2023-11-22 12:14:15', '2023-11-22 12:14:15'),
(222, 'booking_endDate', 'Fi de reserva', 'ca', 23, 4, '2023-11-22 12:18:16', '2023-11-22 12:15:20'),
(223, 'booking_endDate', 'Booking end date', 'en', 23, 4, '2023-11-22 12:18:25', '2023-11-22 12:15:20'),
(224, 'booking_endDate', 'Ende der Reserve', 'de', 23, 4, '2023-11-22 12:18:33', '2023-11-22 12:15:20'),
(225, 'booking_endDate', 'Final de reserva', 'es', 23, 4, '2023-11-22 12:18:44', '2023-11-22 12:15:20'),
(226, 'promoHouses', 'Cases a les quals s\'aplica la promoció', 'ca', 23, 4, '2023-11-22 13:16:43', '2023-11-22 13:16:43'),
(227, 'promoHouses', 'Houses to which the promotion applies', 'en', 23, 4, '2023-11-22 13:16:43', '2023-11-22 13:16:43'),
(228, 'promoHouses', 'Häuser, für die die Aktion gilt', 'de', 23, 4, '2023-11-22 13:16:43', '2023-11-22 13:16:43'),
(229, 'promoHouses', 'Casas a las que se les aplica la promoción', 'es', 23, 4, '2023-11-22 13:16:43', '2023-11-22 13:16:43'),
(230, 'promoText_es', 'Texte en espanyol', 'ca', 23, 4, '2023-11-22 13:21:04', '2023-11-22 13:21:04'),
(231, 'promoText_es', 'Text in spanish', 'en', 23, 4, '2023-11-22 13:21:04', '2023-11-22 13:21:04'),
(232, 'promoText_es', 'Text auf Spanisch', 'de', 23, 4, '2023-11-22 13:21:04', '2023-11-22 13:21:04'),
(233, 'promoText_es', 'Texto en español', 'es', 23, 4, '2023-11-22 13:21:04', '2023-11-22 13:21:04'),
(234, 'promoText_ca', 'Text en català', 'ca', 23, 4, '2023-11-22 13:29:46', '2023-11-22 13:21:58'),
(235, 'promoText_ca', 'Text in Catalan', 'en', 23, 4, '2023-11-22 13:29:49', '2023-11-22 13:21:58'),
(236, 'promoText_ca', 'Text auf Katalanisch', 'de', 23, 4, '2023-11-22 13:29:52', '2023-11-22 13:21:58'),
(237, 'promoText_ca', 'Texto en catalán', 'es', 23, 4, '2023-11-22 13:29:55', '2023-11-22 13:21:58'),
(238, 'promoText_en', 'Text en anglès', 'ca', 23, 4, '2023-11-22 13:29:58', '2023-11-22 13:23:33'),
(239, 'promoText_en', 'Text in English', 'en', 23, 4, '2023-11-22 13:30:01', '2023-11-22 13:23:33'),
(240, 'promoText_en', 'Text auf Englisch', 'de', 23, 4, '2023-11-22 13:30:05', '2023-11-22 13:23:33'),
(241, 'promoText_en', 'Texto en inglés', 'es', 23, 4, '2023-11-22 13:30:08', '2023-11-22 13:23:33'),
(242, 'promoText_de', 'Text en alemany', 'ca', 23, 4, '2023-11-22 13:30:11', '2023-11-22 13:24:58'),
(243, 'promoText_de', 'Text in german', 'en', 23, 4, '2023-11-22 13:30:14', '2023-11-22 13:24:58'),
(244, 'promoText_de', 'Deutscher text', 'de', 23, 4, '2023-11-22 13:30:20', '2023-11-22 13:24:58'),
(245, 'promoText_de', 'Texto en alemán', 'es', 23, 4, '2023-11-22 13:30:23', '2023-11-22 13:24:58'),
(246, 'promo_allHouses', 'Totes les cases', 'ca', 23, 4, '2023-11-22 14:09:54', '2023-11-22 14:09:54'),
(247, 'promo_allHouses', 'All the houses', 'en', 23, 4, '2023-11-22 14:09:54', '2023-11-22 14:09:54'),
(248, 'promo_allHouses', 'Alle Häuser', 'de', 23, 4, '2023-11-22 14:09:54', '2023-11-22 14:09:54'),
(249, 'promo_allHouses', 'Todas las casas', 'es', 23, 4, '2023-11-22 14:09:54', '2023-11-22 14:09:54'),
(250, 'promo_selectHouses', 'Selecciona les cases', 'ca', 23, 4, '2023-11-22 14:12:09', '2023-11-22 14:12:09'),
(251, 'promo_selectHouses', 'Select the houses', 'en', 23, 4, '2023-11-22 14:12:09', '2023-11-22 14:12:09'),
(252, 'promo_selectHouses', 'Wählen Sie die Häuser aus', 'de', 23, 4, '2023-11-22 14:12:09', '2023-11-22 14:12:09'),
(253, 'promo_selectHouses', 'Selecciona las casas', 'es', 23, 4, '2023-11-22 14:12:09', '2023-11-22 14:12:09'),
(254, 'promosTexts_title', 'Textos de les promocions', 'ca', 24, 4, '2023-11-23 08:27:02', '2023-11-23 08:27:02'),
(255, 'promosTexts_title', 'Promotion texts', 'en', 24, 4, '2023-11-23 08:27:02', '2023-11-23 08:27:02'),
(256, 'promosTexts_title', 'Werbetexte', 'de', 24, 4, '2023-11-23 08:27:02', '2023-11-23 08:27:02'),
(257, 'promosTexts_title', 'Textos de las promociones', 'es', 24, 4, '2023-11-23 08:27:02', '2023-11-23 08:27:02'),
(258, 'campaigns_title', 'Campanyes', 'ca', 25, 4, '2023-11-23 09:04:16', '2023-11-23 09:04:16'),
(259, 'campaigns_title', 'Campaigns', 'en', 25, 4, '2023-11-23 09:04:16', '2023-11-23 09:04:16'),
(260, 'campaigns_title', 'Glocken', 'de', 25, 4, '2023-11-23 09:04:16', '2023-11-23 09:04:16'),
(261, 'campaigns_title', 'Campañas', 'es', 25, 4, '2023-11-23 09:04:16', '2023-11-23 09:04:16'),
(262, 'name', 'Nom', 'ca', 25, 4, '2023-11-23 09:14:04', '2023-11-23 09:14:04'),
(263, 'name', 'Name', 'en', 25, 4, '2023-11-23 09:14:04', '2023-11-23 09:14:04'),
(264, 'name', 'Name', 'de', 25, 4, '2023-11-23 09:14:04', '2023-11-23 09:14:04'),
(265, 'name', 'Nombre', 'es', 25, 4, '2023-11-23 09:14:04', '2023-11-23 09:14:04'),
(267, 'description', 'Descripció', 'ca', 25, 4, '2023-11-23 09:15:24', '2023-11-23 09:15:24'),
(268, 'description', 'Description', 'en', 25, 4, '2023-11-23 09:15:24', '2023-11-23 09:15:24'),
(269, 'description', 'Beschreibung', 'de', 25, 4, '2023-11-23 09:15:24', '2023-11-23 09:15:24'),
(270, 'description', 'Descripción', 'es', 25, 4, '2023-11-23 09:15:24', '2023-11-23 09:15:24'),
(271, 'isActive', 'Està activa?', 'ca', 25, 4, '2023-11-23 09:18:57', '2023-11-23 09:18:57'),
(272, 'isActive', 'Is active?', 'en', 25, 4, '2023-11-23 09:18:57', '2023-11-23 09:18:57'),
(273, 'isActive', 'Ist aktiv?', 'de', 25, 4, '2023-11-23 09:18:57', '2023-11-23 09:18:57'),
(274, 'isActive', '¿Está activa?', 'es', 25, 4, '2023-11-23 09:18:57', '2023-11-23 09:18:57'),
(275, 'cancelPolicy', 'Política de cancel·lació', 'ca', 25, 4, '2023-11-23 09:20:46', '2023-11-23 09:20:46'),
(276, 'cancelPolicy', 'Cancel policy', 'en', 25, 4, '2023-11-23 09:20:46', '2023-11-23 09:20:46'),
(277, 'cancelPolicy', 'Stornierungsbedingungen', 'de', 25, 4, '2023-11-23 09:20:46', '2023-11-23 09:20:46'),
(278, 'cancelPolicy', 'Política de cancelación', 'es', 25, 4, '2023-11-23 09:20:46', '2023-11-23 09:20:46'),
(279, 'active', 'Actiu', 'ca', 25, 4, '2023-11-23 09:25:30', '2023-11-23 09:25:30'),
(280, 'active', 'Active', 'en', 25, 4, '2023-11-23 09:25:31', '2023-11-23 09:25:31'),
(281, 'active', 'Vermögenswert', 'de', 25, 4, '2023-11-23 09:25:31', '2023-11-23 09:25:31'),
(282, 'active', 'Activo', 'es', 25, 4, '2023-11-23 09:25:31', '2023-11-23 09:25:31'),
(283, 'inactive', 'Inactiu', 'ca', 25, 4, '2023-11-23 09:26:09', '2023-11-23 09:26:09'),
(284, 'inactive', 'Inactive', 'en', 25, 4, '2023-11-23 09:26:09', '2023-11-23 09:26:09'),
(285, 'inactive', 'Leerlauf', 'de', 25, 4, '2023-11-23 09:26:09', '2023-11-23 09:26:09'),
(286, 'inactive', 'Inactivo', 'es', 25, 4, '2023-11-23 09:26:09', '2023-11-23 09:26:09'),
(287, 'campaignHouses', 'Cases que se li aplica la campanya', 'ca', 25, 4, '2023-11-23 09:47:55', '2023-11-23 09:47:55'),
(288, 'campaignHouses', 'Houses that the campaign applies to', 'en', 25, 4, '2023-11-23 09:47:55', '2023-11-23 09:47:55'),
(289, 'campaignHouses', 'Häuser, für die die Kampagne gilt', 'de', 25, 4, '2023-11-23 09:47:55', '2023-11-23 09:47:55'),
(290, 'campaignHouses', 'Casas que se le aplica la campaña', 'es', 25, 4, '2023-11-23 09:47:55', '2023-11-23 09:47:55'),
(291, 'language', 'Idioma', 'ca', 25, 4, '2023-11-23 09:52:05', '2023-11-23 09:52:05'),
(292, 'language', 'Language', 'en', 25, 4, '2023-11-23 09:52:05', '2023-11-23 09:52:05'),
(293, 'language', 'Sprache', 'de', 25, 4, '2023-11-23 09:52:05', '2023-11-23 09:52:05'),
(294, 'language', 'Idioma', 'es', 25, 4, '2023-11-23 09:52:05', '2023-11-23 09:52:05'),
(295, 'spanish', 'Espanyol', 'ca', 25, 4, '2023-11-23 09:53:11', '2023-11-23 09:53:11'),
(296, 'spanish', 'Spanish', 'en', 25, 4, '2023-11-23 09:53:11', '2023-11-23 09:53:11'),
(297, 'spanish', 'Spanisch', 'de', 25, 4, '2023-11-23 09:53:11', '2023-11-23 09:53:11'),
(298, 'spanish', 'Español', 'es', 25, 4, '2023-11-23 09:53:11', '2023-11-23 09:53:11'),
(299, 'campaign', 'Campanya', 'ca', 25, 4, '2023-11-23 09:58:08', '2023-11-23 09:58:08'),
(300, 'campaign', 'Campaign', 'en', 25, 4, '2023-11-23 09:58:08', '2023-11-23 09:58:08'),
(301, 'campaign', 'Glocke', 'de', 25, 4, '2023-11-23 09:58:08', '2023-11-23 09:58:08'),
(302, 'campaign', 'Campaña', 'es', 25, 4, '2023-11-23 09:58:08', '2023-11-23 09:58:08'),
(303, 'campaign_photoForLang', 'Imatge per a versió de la foto en', 'ca', 25, 4, '2023-11-23 10:02:03', '2023-11-23 10:02:03'),
(304, 'campaign_photoForLang', 'Image for photo version in', 'en', 25, 4, '2023-11-23 10:02:03', '2023-11-23 10:02:03'),
(305, 'campaign_photoForLang', 'Bild für Fotoversion in', 'de', 25, 4, '2023-11-23 10:02:03', '2023-11-23 10:02:03'),
(306, 'campaign_photoForLang', 'Imagen para versión de la foto en', 'es', 25, 4, '2023-11-23 10:02:03', '2023-11-23 10:02:03'),
(307, 'examine', 'Examinar', 'ca', 25, 4, '2023-11-23 10:08:28', '2023-11-23 10:08:28'),
(308, 'examine', 'Examine', 'en', 25, 4, '2023-11-23 10:08:28', '2023-11-23 10:08:28'),
(309, 'examine', 'Datei durchsuchen', 'de', 25, 4, '2023-11-23 10:08:28', '2023-11-23 10:08:28'),
(310, 'examine', 'Examinar', 'es', 25, 4, '2023-11-23 10:08:28', '2023-11-23 10:08:28'),
(311, 'english', 'Anglès', 'ca', 25, 4, '2023-11-23 10:11:01', '2023-11-23 10:11:01'),
(312, 'english', 'English', 'en', 25, 4, '2023-11-23 10:11:01', '2023-11-23 10:11:01'),
(313, 'english', 'Englisch', 'de', 25, 4, '2023-11-23 10:11:01', '2023-11-23 10:11:01'),
(314, 'english', 'Inglés', 'es', 25, 4, '2023-11-23 10:11:01', '2023-11-23 10:11:01'),
(315, 'catalan', 'Catalan', 'ca', 25, 4, '2023-11-23 10:12:00', '2023-11-23 10:12:00'),
(316, 'catalan', 'Catalan', 'en', 25, 4, '2023-11-23 10:12:00', '2023-11-23 10:12:00'),
(317, 'catalan', 'katalanisch', 'de', 25, 4, '2023-11-23 10:12:00', '2023-11-23 10:12:00'),
(318, 'catalan', 'Catalán', 'es', 25, 4, '2023-11-23 10:12:00', '2023-11-23 10:12:00'),
(319, 'german', 'Alemà', 'ca', 4, 1, '2023-11-23 10:12:29', '2023-11-23 10:12:29'),
(320, 'german', 'German', 'en', 4, 1, '2023-11-23 10:12:29', '2023-11-23 10:12:29'),
(321, 'german', 'Deutsch', 'de', 4, 1, '2023-11-23 10:12:29', '2023-11-23 10:12:29'),
(322, 'german', 'Alemán', 'es', 4, 1, '2023-11-23 10:12:29', '2023-11-23 10:12:29'),
(323, 'add', 'Anyadir', 'ca', 25, 4, '2023-11-23 10:39:15', '2023-11-23 10:39:15'),
(324, 'add', 'Add', 'en', 25, 4, '2023-11-23 10:39:15', '2023-11-23 10:39:15'),
(325, 'add', 'Hinzufügen', 'de', 25, 4, '2023-11-23 10:39:15', '2023-11-23 10:39:15'),
(326, 'add', 'Añadir', 'es', 25, 4, '2023-11-23 10:39:15', '2023-11-23 10:39:15'),
(327, 'niches_title', 'Nínxols', 'ca', 26, 4, '2023-11-24 07:43:53', '2023-11-24 07:43:53'),
(328, 'niches_title', 'Niches', 'en', 26, 4, '2023-11-24 07:43:53', '2023-11-24 07:43:53'),
(329, 'niches_title', 'Nischen', 'de', 26, 4, '2023-11-24 07:43:53', '2023-11-24 07:43:53'),
(330, 'niches_title', 'Nichos', 'es', 26, 4, '2023-11-24 07:43:53', '2023-11-24 07:43:53'),
(331, 'niches_selectOtherNiches', 'Selecciona altres nínxols', 'ca', 26, 4, '2023-11-24 07:55:54', '2023-11-24 07:55:54'),
(332, 'niches_selectOtherNiches', 'Select other niches', 'en', 26, 4, '2023-11-24 07:55:54', '2023-11-24 07:55:54'),
(333, 'niches_selectOtherNiches', 'Wählen Sie andere Nischen aus', 'de', 26, 4, '2023-11-24 07:55:54', '2023-11-24 07:55:54'),
(334, 'niches_selectOtherNiches', 'Selecciona otros nichos', 'es', 26, 4, '2023-11-24 07:55:54', '2023-11-24 07:55:54'),
(337, 'niches_title_literal', 'Títol', 'ca', 26, 4, '2023-11-24 08:05:26', '2023-11-24 08:05:26'),
(338, 'niches_title_literal', 'Title', 'en', 26, 4, '2023-11-24 08:05:26', '2023-11-24 08:05:26'),
(339, 'niches_title_literal', 'Titel', 'de', 26, 4, '2023-11-24 08:05:26', '2023-11-24 08:05:26'),
(340, 'niches_title_literal', 'Título', 'es', 26, 4, '2023-11-24 08:05:26', '2023-11-24 08:05:26'),
(341, 'niches_subtitle', 'Subtítol', 'ca', 26, 4, '2023-11-24 08:09:58', '2023-11-24 08:09:58'),
(342, 'niches_subtitle', 'Subtitle', 'en', 26, 4, '2023-11-24 08:09:58', '2023-11-24 08:09:58'),
(343, 'niches_subtitle', 'Untertitel', 'de', 26, 4, '2023-11-24 08:09:58', '2023-11-24 08:09:58'),
(344, 'niches_subtitle', 'Subtítulo', 'es', 26, 4, '2023-11-24 08:09:58', '2023-11-24 08:09:58'),
(345, 'niches_shortTitle', 'Títol curt', 'ca', 26, 4, '2023-11-24 08:12:01', '2023-11-24 08:12:01'),
(346, 'niches_shortTitle', 'Short title', 'en', 26, 4, '2023-11-24 08:12:01', '2023-11-24 08:12:01'),
(347, 'niches_shortTitle', 'Kurzer Titel', 'de', 26, 4, '2023-11-24 08:12:01', '2023-11-24 08:12:01'),
(348, 'niches_shortTitle', 'Título corto', 'es', 26, 4, '2023-11-24 08:12:01', '2023-11-24 08:12:01'),
(349, 'titleSectionHouses', 'Títol secció cases', 'ca', 26, 4, '2023-11-24 08:34:11', '2023-11-24 08:34:11'),
(350, 'titleSectionHouses', 'Title section houses', 'en', 26, 4, '2023-11-24 08:34:11', '2023-11-24 08:34:11'),
(351, 'titleSectionHouses', 'Häuser im Titelbereich', 'de', 26, 4, '2023-11-24 08:34:11', '2023-11-24 08:34:11'),
(352, 'titleSectionHouses', 'Título sección casas', 'es', 26, 4, '2023-11-24 08:34:11', '2023-11-24 08:34:11'),
(353, 'titleSectionOther', 'Títol secció altres', 'ca', 26, 4, '2023-11-24 08:36:50', '2023-11-24 08:36:50'),
(354, 'titleSectionOther', 'Other section title', 'en', 26, 4, '2023-11-24 08:36:50', '2023-11-24 08:36:50'),
(355, 'titleSectionOther', 'Anderer Abschnittstitel', 'de', 26, 4, '2023-11-24 08:36:50', '2023-11-24 08:36:50'),
(356, 'titleSectionOther', 'Título sección otros', 'es', 26, 4, '2023-11-24 08:36:50', '2023-11-24 08:36:50'),
(357, 'titleSectionSEO', 'Títol secció SEO', 'ca', 26, 4, '2023-11-24 08:39:19', '2023-11-24 08:38:38'),
(358, 'titleSectionSEO', 'SEO section title', 'en', 26, 4, '2023-11-24 08:39:23', '2023-11-24 08:38:38'),
(359, 'titleSectionSEO', 'Titel des SEO-Abschnitts', 'de', 26, 4, '2023-11-24 08:39:26', '2023-11-24 08:38:38'),
(360, 'titleSectionSEO', 'Título sección SEO', 'es', 26, 4, '2023-11-24 08:39:29', '2023-11-24 08:38:38'),
(361, 'descriptionSectionSEO', 'Descripció secció SEO', 'ca', 26, 4, '2023-11-24 08:45:52', '2023-11-24 08:45:52'),
(362, 'descriptionSectionSEO', 'SEO section description', 'en', 26, 4, '2023-11-24 08:45:52', '2023-11-24 08:45:52'),
(363, 'descriptionSectionSEO', 'Beschreibung des SEO-Abschnitts', 'de', 26, 4, '2023-11-24 08:45:52', '2023-11-24 08:45:52'),
(364, 'descriptionSectionSEO', 'Descripción sección SEO', 'es', 26, 4, '2023-11-24 08:45:52', '2023-11-24 08:45:52'),
(365, 'descriptionSectionOther', 'Descripció secció altres', 'ca', 26, 4, '2023-11-24 08:45:54', '2023-11-24 08:45:54'),
(366, 'descriptionSectionOther', 'Other section description', 'en', 26, 4, '2023-11-24 08:45:54', '2023-11-24 08:45:54'),
(367, 'descriptionSectionOther', 'Andere Abschnittsbeschreibung', 'de', 26, 4, '2023-11-24 08:45:54', '2023-11-24 08:45:54'),
(368, 'descriptionSectionOther', 'Descripción sección otros', 'es', 26, 4, '2023-11-24 08:45:54', '2023-11-24 08:45:54'),
(369, 'filter', 'Filtrar', 'ca', 27, 4, '2023-11-24 09:29:28', '2023-11-24 09:29:28'),
(370, 'filter', 'Filter', 'en', 27, 4, '2023-11-24 09:29:28', '2023-11-24 09:29:28'),
(371, 'filter', 'Filter', 'de', 27, 4, '2023-11-24 09:29:28', '2023-11-24 09:29:28'),
(372, 'filter', 'Filtrar', 'es', 27, 4, '2023-11-24 09:29:28', '2023-11-24 09:29:28'),
(373, 'latitude_longitude', 'Latitud / Longitud', 'ca', 27, 4, '2023-11-24 09:35:24', '2023-11-24 09:35:24'),
(374, 'latitude_longitude', 'Latitude Longitude', 'en', 27, 4, '2023-11-24 09:35:24', '2023-11-24 09:35:24'),
(375, 'latitude_longitude', 'Breitengrad Längengrad', 'de', 27, 4, '2023-11-24 09:35:24', '2023-11-24 09:35:24'),
(376, 'latitude_longitude', 'Latitud / Longitud', 'es', 27, 4, '2023-11-24 09:35:24', '2023-11-24 09:35:24'),
(377, 'incomplete', 'Incomplet', 'ca', 27, 4, '2023-11-24 09:37:36', '2023-11-24 09:37:36'),
(378, 'incomplete', 'Incomplete', 'en', 27, 4, '2023-11-24 09:37:36', '2023-11-24 09:37:36'),
(379, 'incomplete', 'Unvollständig', 'de', 27, 4, '2023-11-24 09:37:36', '2023-11-24 09:37:36'),
(380, 'incomplete', 'Incompleto', 'es', 27, 4, '2023-11-24 09:37:36', '2023-11-24 09:37:36'),
(381, 'shortDescription', 'Descripció curta', 'ca', 27, 4, '2023-11-24 09:40:20', '2023-11-24 09:40:20'),
(382, 'shortDescription', 'Short description', 'en', 27, 4, '2023-11-24 09:40:20', '2023-11-24 09:40:20'),
(383, 'shortDescription', 'Kurze Beschreibung', 'de', 27, 4, '2023-11-24 09:40:20', '2023-11-24 09:40:20'),
(384, 'shortDescription', 'Descripción corta', 'es', 27, 4, '2023-11-24 09:40:20', '2023-11-24 09:40:20'),
(385, 'photos', 'Fotos', 'ca', 27, 4, '2023-11-24 09:42:26', '2023-11-24 09:42:26'),
(386, 'photos', 'Photos', 'en', 27, 4, '2023-11-24 09:42:26', '2023-11-24 09:42:26'),
(387, 'photos', 'Fotos', 'de', 27, 4, '2023-11-24 09:42:26', '2023-11-24 09:42:26'),
(388, 'photos', 'Fotos', 'es', 27, 4, '2023-11-24 09:42:26', '2023-11-24 09:42:26'),
(389, 'latitude', 'Latitud', 'ca', 27, 4, '2023-11-24 09:45:25', '2023-11-24 09:45:25'),
(390, 'latitude', 'Latitude', 'en', 27, 4, '2023-11-24 09:45:25', '2023-11-24 09:45:25'),
(391, 'latitude', 'Breite', 'de', 27, 4, '2023-11-24 09:45:25', '2023-11-24 09:45:25'),
(392, 'latitude', 'Latitud', 'es', 27, 4, '2023-11-24 09:45:25', '2023-11-24 09:45:25'),
(393, 'longitude', 'Longitud', 'ca', 27, 4, '2023-11-24 09:46:42', '2023-11-24 09:46:42'),
(394, 'longitude', 'Length', 'en', 27, 4, '2023-11-24 09:46:42', '2023-11-24 09:46:42'),
(395, 'longitude', 'Länge', 'de', 27, 4, '2023-11-24 09:46:42', '2023-11-24 09:46:42'),
(396, 'longitude', 'Longitud', 'es', 27, 4, '2023-11-24 09:46:42', '2023-11-24 09:46:42'),
(397, 'location', 'Localització', 'ca', 27, 4, '2023-11-24 09:49:53', '2023-11-24 09:49:53'),
(398, 'location', 'Location', 'en', 27, 4, '2023-11-24 09:49:53', '2023-11-24 09:49:53'),
(399, 'location', 'Standort', 'de', 27, 4, '2023-11-24 09:49:53', '2023-11-24 09:49:53'),
(400, 'location', 'Localización', 'es', 27, 4, '2023-11-24 09:49:53', '2023-11-24 09:49:53'),
(401, 'email', 'Correu', 'ca', 27, 4, '2023-11-24 10:01:06', '2023-11-24 10:01:06'),
(402, 'email', 'Email', 'en', 27, 4, '2023-11-24 10:01:06', '2023-11-24 10:01:06'),
(403, 'email', 'Post', 'de', 27, 4, '2023-11-24 10:01:06', '2023-11-24 10:01:06'),
(404, 'email', 'Correo', 'es', 27, 4, '2023-11-24 10:01:06', '2023-11-24 10:01:06'),
(405, 'address', 'Direcció', 'ca', 27, 4, '2023-11-24 10:03:13', '2023-11-24 10:03:13'),
(406, 'address', 'Address', 'en', 27, 4, '2023-11-24 10:03:13', '2023-11-24 10:03:13'),
(407, 'address', 'Adresse', 'de', 27, 4, '2023-11-24 10:03:13', '2023-11-24 10:03:13'),
(408, 'address', 'Dirección', 'es', 27, 4, '2023-11-24 10:03:13', '2023-11-24 10:03:13'),
(409, 'phoneNumber', 'Número de telèfon', 'ca', 27, 4, '2023-11-24 10:04:51', '2023-11-24 10:04:18'),
(410, 'phoneNumber', 'Phone number', 'en', 27, 4, '2023-11-24 10:04:55', '2023-11-24 10:04:18'),
(411, 'phoneNumber', 'Telefonnummer', 'de', 27, 4, '2023-11-24 10:05:00', '2023-11-24 10:04:18'),
(412, 'phoneNumber', 'Número de teléfono', 'es', 27, 4, '2023-11-24 10:05:04', '2023-11-24 10:04:18'),
(413, 'startDate', 'Data d\'inici', 'ca', 27, 4, '2023-11-24 10:08:23', '2023-11-24 10:08:10'),
(414, 'startDate', 'Start date', 'en', 27, 4, '2023-11-24 10:08:27', '2023-11-24 10:08:10'),
(415, 'startDate', 'Startdatum', 'de', 27, 4, '2023-11-24 10:08:33', '2023-11-24 10:08:10'),
(416, 'startDate', 'Fecha de inicio', 'es', 27, 4, '2023-11-24 10:08:36', '2023-11-24 10:08:10'),
(417, 'endDate', 'Data final', 'ca', 27, 4, '2023-11-24 10:36:43', '2023-11-24 10:36:43'),
(418, 'endDate', 'Final date', 'en', 27, 4, '2023-11-24 10:36:43', '2023-11-24 10:36:43'),
(419, 'endDate', 'Endgültiges Datum', 'de', 27, 4, '2023-11-24 10:36:43', '2023-11-24 10:36:43'),
(420, 'endDate', 'Fecha final', 'es', 27, 4, '2023-11-24 10:36:43', '2023-11-24 10:36:43'),
(421, 'zone', 'Zona', 'ca', 27, 4, '2023-11-24 10:38:30', '2023-11-24 10:38:30'),
(422, 'zone', 'Zone', 'en', 27, 4, '2023-11-24 10:38:30', '2023-11-24 10:38:30'),
(423, 'zone', 'Zone', 'de', 27, 4, '2023-11-24 10:38:30', '2023-11-24 10:38:30'),
(424, 'zone', 'Zona', 'es', 27, 4, '2023-11-24 10:38:30', '2023-11-24 10:38:30'),
(425, 'population', 'Població', 'ca', 27, 4, '2023-11-24 10:40:33', '2023-11-24 10:40:33'),
(426, 'population', 'Population', 'en', 27, 4, '2023-11-24 10:40:33', '2023-11-24 10:40:33'),
(427, 'population', 'Bevölkerung', 'de', 27, 4, '2023-11-24 10:40:33', '2023-11-24 10:40:33'),
(428, 'population', 'Población', 'es', 27, 4, '2023-11-24 10:40:33', '2023-11-24 10:40:33'),
(429, 'smallDescription', 'Petita descripció', 'ca', 27, 4, '2023-11-24 10:48:23', '2023-11-24 10:48:23'),
(430, 'smallDescription', 'Small description', 'en', 27, 4, '2023-11-24 10:48:23', '2023-11-24 10:48:23'),
(431, 'smallDescription', 'Kleine Beschreibung', 'de', 27, 4, '2023-11-24 10:48:23', '2023-11-24 10:48:23'),
(432, 'smallDescription', 'Pequeña descripción', 'es', 27, 4, '2023-11-24 10:48:23', '2023-11-24 10:48:23'),
(433, 'poi_afterSavePhotos', 'Després d\'afegir les fotos cal desar, la pujada no és automàtica.', 'ca', 27, 4, '2023-11-24 11:14:58', '2023-11-24 11:14:58'),
(434, 'poi_afterSavePhotos', 'After adding the photos you have to save, the upload is not automatic.', 'en', 27, 4, '2023-11-24 11:14:58', '2023-11-24 11:14:58'),
(435, 'poi_afterSavePhotos', 'Nachdem Sie die Fotos hinzugefügt haben, die Sie speichern müssen, erfolgt der Upload nicht automatisch.', 'de', 27, 4, '2023-11-24 11:14:58', '2023-11-24 11:14:58'),
(436, 'poi_afterSavePhotos', 'Despues de añadir las fotos hay que guardar, la subida no es automática.', 'es', 27, 4, '2023-11-24 11:14:58', '2023-11-24 11:14:58');

/*!40101 SET CHARACTER_SET_CLIENT=@OLD_CHARACTER_SET_CLIENT */;
/*!40101 SET CHARACTER_SET_RESULTS=@OLD_CHARACTER_SET_RESULTS */;
/*!40101 SET COLLATION_CONNECTION=@OLD_COLLATION_CONNECTION */;
